Timestamp,Oxygen,CO2,CO,Methane,Temperature,Car Started,AC On,Person Inside,Car Locked,Alarm Triggered,,,,
21-11-2024 17:42,21,0.04,0,0.05,21.01,FALSE,FALSE,TRUE,TRUE,FALSE,,,,
21-11-2024 17:42,20.95,0.09,0.05,0.1,21.02,FALSE,FALSE,TRUE,TRUE,FALSE,,,,
21-11-2024 17:42,20.9,0.14,0.1,0.15,21.03,FALSE,FALSE,TRUE,TRUE,FALSE,,,,
21-11-2024 17:42,20.85,0.15,0.15,0.2,21.04,FALSE,FALSE,TRUE,TRUE,FALSE,,,,
21-11-2024 17:42,20.8,0.1,0.2,0.25,21.05,FALSE,FALSE,TRUE,TRUE,FALSE,,,,
21-11-2024 17:42,20.75,0.05,0.25,0.3,21.06,FALSE,FALSE,TRUE,TRUE,FALSE,,,,
21-11-2024 17:42,20.7,0.04,0.3,0.35,21.07,FALSE,FALSE,TRUE,TRUE,FALSE,,,,
21-11-2024 17:42,20.65,0.09,0.35,0.4,21.08,FALSE,FALSE,TRUE,TRUE,FALSE,,,,
21-11-2024 17:42,20.6,0.14,0.4,0.45,21.09,FALSE,FALSE,TRUE,TRUE,FALSE,,,,
21-11-2024 17:42,20.55,0.15,0.45,0.5,21.1,FALSE,FALSE,TRUE,TRUE,FALSE,,,,
21-11-2024 17:42,20.5,0.1,0.5,0.55,21.11,FALSE,FALSE,TRUE,TRUE,FALSE,,,,
21-11-2024 17:42,20.45,0.05,0.55,0.6,21.12,FALSE,FALSE,TRUE,TRUE,FALSE,,,,
21-11-2024 17:42,20.4,0.04,0.6,0.65,21.13,FALSE,FALSE,TRUE,TRUE,FALSE,,,,
21-11-2024 17:42,20.35,0.09,0.65,0.7,21.14,FALSE,FALSE,TRUE,TRUE,FALSE,,,,
21-11-2024 17:42,20.3,0.14,0.7,0.75,21.15,FALSE,FALSE,TRUE,TRUE,FALSE,,,,
21-11-2024 17:42,20.25,0.15,0.75,0.8,21.16,FALSE,FALSE,TRUE,TRUE,FALSE,,,,
21-11-2024 17:42,20.2,0.1,0.8,0.85,21.17,FALSE,FALSE,TRUE,TRUE,FALSE,,,,
21-11-2024 17:42,20.15,0.05,0.85,0.9,21.18,FALSE,FALSE,TRUE,TRUE,FALSE,,,,
21-11-2024 17:42,20.1,0.04,0.9,0.95,21.19,FALSE,FALSE,TRUE,TRUE,FALSE,,,,
21-11-2024 17:42,20.05,0.09,0.95,1,21.2,FALSE,FALSE,TRUE,TRUE,FALSE,,,,
21-11-2024 17:42,20,0.14,1,0.95,21.21,FALSE,FALSE,TRUE,TRUE,FALSE,,,,
21-11-2024 17:42,19.95,0.15,1.05,0.9,21.22,FALSE,FALSE,TRUE,TRUE,FALSE,,,,
21-11-2024 17:42,19.9,0.1,1.1,0.85,21.23,FALSE,FALSE,TRUE,TRUE,FALSE,,,,
21-11-2024 17:42,19.85,0.05,1.15,0.8,21.24,FALSE,FALSE,TRUE,TRUE,FALSE,,,,
21-11-2024 17:42,19.8,0.04,1.2,0.75,21.25,FALSE,FALSE,TRUE,TRUE,FALSE,,,,
21-11-2024 17:42,19.75,0.09,1.25,0.7,21.26,FALSE,FALSE,TRUE,TRUE,FALSE,,,,
21-11-2024 17:42,19.7,0.14,1.3,0.65,21.27,FALSE,FALSE,TRUE,TRUE,FALSE,,,,
21-11-2024 17:42,19.65,0.15,1.35,0.6,21.28,FALSE,FALSE,TRUE,TRUE,FALSE,,,,
21-11-2024 17:42,19.6,0.1,1.4,0.55,21.29,FALSE,FALSE,TRUE,TRUE,FALSE,,,,
21-11-2024 17:42,19.55,0.05,1.45,0.5,21.3,FALSE,FALSE,TRUE,TRUE,FALSE,,,,
21-11-2024 17:42,19.5,0.04,1.5,0.45,21.31,FALSE,FALSE,TRUE,TRUE,FALSE,,,,
21-11-2024 17:42,19.45,0.09,1.55,0.4,21.32,FALSE,FALSE,TRUE,TRUE,FALSE,,,,
21-11-2024 17:43,19.4,0.14,1.6,0.35,21.33,FALSE,FALSE,TRUE,TRUE,FALSE,,,,
21-11-2024 17:43,19.35,0.15,1.65,0.3,21.34,FALSE,FALSE,TRUE,TRUE,FALSE,,,,
21-11-2024 17:43,19.3,0.1,1.7,0.25,21.35,FALSE,FALSE,TRUE,TRUE,FALSE,,,,
21-11-2024 17:43,19.25,0.05,1.75,0.2,21.36,FALSE,FALSE,TRUE,TRUE,FALSE,,,,
21-11-2024 17:43,19.2,0.04,1.8,0.15,21.37,FALSE,FALSE,TRUE,TRUE,FALSE,,,,
21-11-2024 17:43,19.15,0.09,1.85,0.1,21.38,FALSE,FALSE,TRUE,TRUE,FALSE,,,,
21-11-2024 17:43,19.1,0.14,1.9,0.05,21.39,FALSE,FALSE,TRUE,TRUE,FALSE,,,,
21-11-2024 17:43,19.05,0.15,1.95,0,21.4,FALSE,FALSE,TRUE,TRUE,FALSE,,,,
21-11-2024 17:43,19,0.1,2,0.05,21.41,FALSE,FALSE,TRUE,TRUE,FALSE,,,,
21-11-2024 17:43,18.95,0.05,2.05,0.1,21.42,FALSE,FALSE,TRUE,TRUE,FALSE,,,,
21-11-2024 17:43,18.9,0.04,2.1,0.15,21.43,FALSE,FALSE,TRUE,TRUE,FALSE,,,,
21-11-2024 17:43,18.85,0.09,2.15,0.2,21.44,FALSE,FALSE,TRUE,TRUE,FALSE,,,,
21-11-2024 17:43,18.8,0.14,2.2,0.25,21.45,FALSE,FALSE,TRUE,TRUE,FALSE,,,,
21-11-2024 17:43,18.75,0.15,2.25,0.3,21.46,FALSE,FALSE,TRUE,TRUE,FALSE,,,,
21-11-2024 17:43,18.7,0.1,2.3,0.35,21.47,FALSE,FALSE,TRUE,TRUE,FALSE,,,,
21-11-2024 17:43,18.65,0.05,2.35,0.4,21.48,FALSE,FALSE,TRUE,TRUE,FALSE,,,,
21-11-2024 17:43,18.6,0.04,2.4,0.45,21.49,FALSE,FALSE,TRUE,TRUE,FALSE,,,,
21-11-2024 17:43,18.55,0.09,2.45,0.5,21.5,FALSE,FALSE,TRUE,TRUE,FALSE,,,,
21-11-2024 17:43,18.5,0.14,2.5,0.55,21.51,FALSE,FALSE,TRUE,TRUE,FALSE,,,,
21-11-2024 17:43,18.45,0.15,2.55,0.6,21.52,FALSE,FALSE,TRUE,TRUE,FALSE,,,,
21-11-2024 17:43,18.4,0.1,2.6,0.65,21.53,FALSE,FALSE,TRUE,TRUE,FALSE,,,,
21-11-2024 17:43,18.35,0.05,2.65,0.7,21.54,FALSE,FALSE,TRUE,TRUE,FALSE,,,,
21-11-2024 17:43,18.3,0.04,2.7,0.75,21.55,FALSE,FALSE,TRUE,TRUE,FALSE,,,,
21-11-2024 17:43,18.25,0.09,2.75,0.8,21.56,FALSE,FALSE,TRUE,TRUE,FALSE,,,,
21-11-2024 17:43,18.2,0.14,2.8,0.85,21.57,FALSE,FALSE,TRUE,TRUE,FALSE,,,,
21-11-2024 17:43,18.15,0.15,2.85,0.9,21.58,FALSE,FALSE,TRUE,TRUE,FALSE,,,,
21-11-2024 17:43,18.1,0.1,2.9,0.95,21.59,FALSE,FALSE,TRUE,TRUE,FALSE,,,,
21-11-2024 17:43,18.05,0.05,2.95,1,21.6,FALSE,FALSE,TRUE,TRUE,FALSE,,,,
21-11-2024 17:43,18,0.04,3,0.95,21.61,FALSE,FALSE,TRUE,TRUE,FALSE,,,,
21-11-2024 17:43,18.05,0.09,3.05,0.9,21.62,FALSE,FALSE,TRUE,TRUE,FALSE,,,,
21-11-2024 17:43,18.1,0.14,3.1,0.85,21.63,FALSE,FALSE,TRUE,TRUE,FALSE,,,,
21-11-2024 17:43,18.15,0.15,3.15,0.8,21.64,FALSE,FALSE,TRUE,TRUE,FALSE,,,,
21-11-2024 17:43,18.2,0.1,3.2,0.75,21.65,FALSE,FALSE,TRUE,TRUE,FALSE,,,,
21-11-2024 17:43,18.25,0.05,3.25,0.7,21.66,FALSE,FALSE,TRUE,TRUE,FALSE,,,,
21-11-2024 17:43,18.3,0.04,3.3,0.65,21.67,FALSE,FALSE,TRUE,TRUE,FALSE,,,,
21-11-2024 17:43,18.35,0.09,3.35,0.6,21.68,FALSE,FALSE,TRUE,TRUE,FALSE,,,,
21-11-2024 17:43,18.4,0.14,3.4,0.55,21.69,FALSE,FALSE,TRUE,TRUE,FALSE,,,,
21-11-2024 17:43,18.45,0.15,3.45,0.5,21.7,FALSE,FALSE,TRUE,TRUE,FALSE,,,,
21-11-2024 17:43,18.5,0.1,3.5,0.45,21.71,FALSE,FALSE,TRUE,TRUE,FALSE,,,,
21-11-2024 17:43,18.55,0.05,3.55,0.4,21.72,FALSE,FALSE,TRUE,TRUE,FALSE,,,,
21-11-2024 17:43,18.6,0.04,3.6,0.35,21.73,FALSE,FALSE,TRUE,TRUE,FALSE,,,,
21-11-2024 17:43,18.65,0.09,3.65,0.3,21.74,FALSE,FALSE,TRUE,TRUE,FALSE,,,,
21-11-2024 17:43,18.7,0.14,3.7,0.25,21.75,FALSE,FALSE,TRUE,TRUE,FALSE,,,,
21-11-2024 17:43,18.75,0.15,3.75,0.2,21.76,FALSE,FALSE,TRUE,TRUE,FALSE,,,,
21-11-2024 17:43,18.8,0.1,3.8,0.15,21.77,FALSE,FALSE,TRUE,TRUE,FALSE,,,,
21-11-2024 17:43,18.85,0.05,3.85,0.1,21.78,FALSE,FALSE,TRUE,TRUE,FALSE,,,,
21-11-2024 17:43,18.9,0.04,3.9,0.05,21.79,FALSE,FALSE,TRUE,TRUE,FALSE,,,,
21-11-2024 17:43,18.95,0.09,3.95,0,21.8,FALSE,FALSE,TRUE,TRUE,FALSE,,,,
21-11-2024 17:43,19,0.14,4,0.05,21.81,FALSE,FALSE,TRUE,TRUE,FALSE,,,,
21-11-2024 17:43,19.05,0.15,4.05,0.1,21.82,FALSE,FALSE,TRUE,TRUE,FALSE,,,,
21-11-2024 17:43,19.1,0.1,4.1,0.15,21.83,FALSE,FALSE,TRUE,TRUE,FALSE,,,,
21-11-2024 17:43,19.15,0.05,4.15,0.2,21.84,FALSE,FALSE,TRUE,TRUE,FALSE,,,,
21-11-2024 17:43,19.2,0.04,4.2,0.25,21.85,FALSE,FALSE,TRUE,TRUE,FALSE,,,,
21-11-2024 17:43,19.25,0.09,4.25,0.3,21.86,FALSE,FALSE,TRUE,TRUE,FALSE,,,,
21-11-2024 17:43,19.3,0.14,4.3,0.35,21.87,FALSE,FALSE,TRUE,TRUE,FALSE,,,,
21-11-2024 17:43,19.35,0.15,4.35,0.4,21.88,FALSE,FALSE,TRUE,TRUE,FALSE,,,,
21-11-2024 17:43,19.4,0.1,4.4,0.45,21.89,FALSE,FALSE,TRUE,TRUE,FALSE,,,,
21-11-2024 17:43,19.45,0.05,4.45,0.5,21.9,FALSE,FALSE,TRUE,TRUE,FALSE,,,,
21-11-2024 17:43,19.5,0.04,4.5,0.55,21.91,FALSE,FALSE,TRUE,TRUE,FALSE,,,,
21-11-2024 17:43,19.55,0.09,4.55,0.6,21.92,FALSE,FALSE,TRUE,TRUE,FALSE,,,,
21-11-2024 17:43,19.6,0.14,4.6,0.65,21.93,FALSE,FALSE,TRUE,TRUE,FALSE,,,,
21-11-2024 17:43,19.65,0.15,4.65,0.7,21.94,FALSE,FALSE,TRUE,TRUE,FALSE,,,,
21-11-2024 17:43,19.7,0.1,4.7,0.75,21.95,FALSE,FALSE,TRUE,TRUE,FALSE,,,,
21-11-2024 17:43,19.75,0.05,4.75,0.8,21.96,FALSE,FALSE,TRUE,TRUE,FALSE,,,,
21-11-2024 17:43,19.8,0.04,4.8,0.85,21.97,FALSE,FALSE,TRUE,TRUE,FALSE,,,,
21-11-2024 17:43,19.85,0.09,4.85,0.9,21.98,FALSE,FALSE,TRUE,TRUE,FALSE,,,,
21-11-2024 17:43,19.9,0.14,4.9,0.95,21.99,FALSE,FALSE,TRUE,TRUE,FALSE,,,,
21-11-2024 17:43,19.95,0.15,4.95,1,22,FALSE,FALSE,TRUE,TRUE,FALSE,,,,
21-11-2024 17:43,20,0.1,5,0.95,22.01,FALSE,FALSE,TRUE,TRUE,FALSE,,,,
21-11-2024 17:43,20.05,0.05,5.05,0.9,22.02,FALSE,FALSE,TRUE,TRUE,FALSE,,,,
21-11-2024 17:43,20.1,0.04,5.1,0.85,22.03,FALSE,FALSE,TRUE,TRUE,FALSE,,,,
21-11-2024 17:43,20.15,0.09,5.15,0.8,22.04,FALSE,FALSE,TRUE,TRUE,FALSE,,,,
21-11-2024 17:43,20.2,0.14,5.2,0.75,22.05,FALSE,FALSE,TRUE,TRUE,FALSE,,,,
21-11-2024 17:43,20.25,0.15,5.25,0.7,22.06,FALSE,FALSE,TRUE,TRUE,FALSE,,,,
21-11-2024 17:43,20.3,0.1,5.3,0.65,22.07,FALSE,FALSE,TRUE,TRUE,FALSE,,,,
21-11-2024 17:43,20.35,0.05,5.35,0.6,22.08,FALSE,FALSE,TRUE,TRUE,FALSE,,,,
21-11-2024 17:43,20.4,0.04,5.4,0.55,22.09,FALSE,FALSE,TRUE,TRUE,FALSE,,,,
21-11-2024 17:43,20.45,0.09,5.45,0.5,22.1,FALSE,FALSE,TRUE,TRUE,FALSE,,,,
21-11-2024 17:43,20.5,0.14,5.5,0.45,22.11,FALSE,FALSE,TRUE,TRUE,FALSE,,,,
21-11-2024 17:43,20.55,0.15,5.55,0.4,22.12,FALSE,FALSE,TRUE,TRUE,FALSE,,,,
21-11-2024 17:43,20.6,0.1,5.6,0.35,22.13,FALSE,FALSE,TRUE,TRUE,FALSE,,,,
21-11-2024 17:43,20.65,0.05,5.65,0.3,22.14,FALSE,FALSE,TRUE,TRUE,FALSE,,,,
21-11-2024 17:43,20.7,0.04,5.7,0.25,22.15,FALSE,FALSE,TRUE,TRUE,FALSE,,,,
21-11-2024 17:43,20.75,0.09,5.75,0.2,22.16,FALSE,FALSE,TRUE,TRUE,FALSE,,,,
21-11-2024 17:43,20.8,0.14,5.8,0.15,22.17,FALSE,FALSE,TRUE,TRUE,FALSE,,,,
21-11-2024 17:43,20.85,0.15,5.85,0.1,22.18,FALSE,FALSE,TRUE,TRUE,FALSE,,,,
21-11-2024 17:43,20.9,0.1,5.9,0.05,22.19,FALSE,FALSE,TRUE,TRUE,FALSE,,,,
21-11-2024 17:43,20.95,0.05,5.95,0,22.2,FALSE,FALSE,TRUE,TRUE,FALSE,,,,
21-11-2024 17:43,21,0.04,6,0.05,22.21,FALSE,FALSE,TRUE,TRUE,FALSE,,,,
21-11-2024 17:43,20.95,0.09,6.05,0.1,22.22,FALSE,FALSE,TRUE,TRUE,FALSE,,,,
21-11-2024 17:43,20.9,0.14,6.1,0.15,22.23,FALSE,FALSE,TRUE,TRUE,FALSE,,,,
21-11-2024 17:43,20.85,0.15,6.15,0.2,22.24,FALSE,FALSE,TRUE,TRUE,FALSE,,,,
21-11-2024 17:43,20.8,0.1,6.2,0.25,22.25,FALSE,FALSE,TRUE,TRUE,FALSE,,,,
21-11-2024 17:43,20.75,0.05,6.25,0.3,22.26,FALSE,FALSE,TRUE,TRUE,FALSE,,,,
21-11-2024 17:43,20.7,0.04,6.3,0.35,22.27,FALSE,FALSE,TRUE,TRUE,FALSE,,,,
21-11-2024 17:43,20.65,0.09,6.35,0.4,22.28,FALSE,FALSE,TRUE,TRUE,FALSE,,,,
21-11-2024 17:43,20.6,0.14,6.4,0.45,22.29,FALSE,FALSE,TRUE,TRUE,FALSE,,,,
21-11-2024 17:43,20.55,0.15,6.45,0.5,22.3,FALSE,FALSE,TRUE,TRUE,FALSE,,,,
21-11-2024 17:43,20.5,0.1,6.5,0.55,22.31,FALSE,FALSE,TRUE,TRUE,FALSE,,,,
21-11-2024 17:43,20.45,0.05,6.55,0.6,22.32,FALSE,FALSE,TRUE,TRUE,FALSE,,,,
21-11-2024 17:43,20.4,0.04,6.6,0.65,22.33,FALSE,FALSE,TRUE,TRUE,FALSE,,,,
21-11-2024 17:43,20.35,0.09,6.65,0.7,22.34,FALSE,FALSE,TRUE,TRUE,FALSE,,,,
21-11-2024 17:43,20.3,0.14,6.7,0.75,22.35,FALSE,FALSE,TRUE,TRUE,FALSE,,,,
21-11-2024 17:43,20.25,0.15,6.75,0.8,22.36,FALSE,FALSE,TRUE,TRUE,FALSE,,,,
21-11-2024 17:43,20.2,0.1,6.8,0.85,22.37,FALSE,FALSE,TRUE,TRUE,FALSE,,,,
21-11-2024 17:43,20.15,0.05,6.85,0.9,22.38,FALSE,FALSE,TRUE,TRUE,FALSE,,,,
21-11-2024 17:43,20.1,0.04,6.9,0.95,22.39,FALSE,FALSE,TRUE,TRUE,FALSE,,,,
21-11-2024 17:43,20.05,0.09,6.95,1,22.4,FALSE,FALSE,TRUE,TRUE,FALSE,,,,
21-11-2024 17:43,20,0.14,7,0.95,22.41,FALSE,FALSE,TRUE,TRUE,FALSE,,,,
21-11-2024 17:43,19.95,0.15,7.05,0.9,22.42,FALSE,FALSE,TRUE,TRUE,FALSE,,,,
21-11-2024 17:43,19.9,0.1,7.1,0.85,22.43,FALSE,FALSE,TRUE,TRUE,FALSE,,,,
21-11-2024 17:43,19.85,0.05,7.15,0.8,22.44,FALSE,FALSE,TRUE,TRUE,FALSE,,,,
21-11-2024 17:43,19.8,0.04,7.2,0.75,22.45,FALSE,FALSE,TRUE,TRUE,FALSE,,,,
21-11-2024 17:43,19.75,0.09,7.25,0.7,22.46,FALSE,FALSE,TRUE,TRUE,FALSE,,,,
21-11-2024 17:43,19.7,0.14,7.3,0.65,22.47,FALSE,FALSE,TRUE,TRUE,FALSE,,,,
21-11-2024 17:43,19.65,0.15,7.35,0.6,22.48,FALSE,FALSE,TRUE,TRUE,FALSE,,,,
21-11-2024 17:43,19.6,0.1,7.4,0.55,22.49,FALSE,FALSE,TRUE,TRUE,FALSE,,,,
21-11-2024 17:43,19.55,0.05,7.45,0.5,22.5,FALSE,FALSE,TRUE,TRUE,FALSE,,,,
21-11-2024 17:43,19.5,0.04,7.5,0.45,22.51,FALSE,FALSE,TRUE,TRUE,FALSE,,,,
21-11-2024 17:43,19.45,0.09,7.55,0.4,22.52,FALSE,FALSE,TRUE,TRUE,FALSE,,,,
21-11-2024 17:44,19.4,0.14,7.6,0.35,22.53,FALSE,FALSE,TRUE,TRUE,FALSE,,,,
21-11-2024 17:44,19.35,0.15,7.65,0.3,22.54,FALSE,FALSE,TRUE,TRUE,FALSE,,,,
21-11-2024 17:44,19.3,0.1,7.7,0.25,22.55,FALSE,FALSE,TRUE,TRUE,FALSE,,,,
21-11-2024 17:44,19.25,0.05,7.75,0.2,22.56,FALSE,FALSE,TRUE,TRUE,FALSE,,,,
21-11-2024 17:44,19.2,0.04,7.8,0.15,22.57,FALSE,FALSE,TRUE,TRUE,FALSE,,,,
21-11-2024 17:44,19.15,0.09,7.85,0.1,22.58,FALSE,FALSE,TRUE,TRUE,FALSE,,,,
21-11-2024 17:44,19.1,0.14,7.9,0.05,22.59,FALSE,FALSE,TRUE,TRUE,FALSE,,,,
21-11-2024 17:44,19.05,0.15,7.95,0,22.6,FALSE,FALSE,TRUE,TRUE,FALSE,,,,
21-11-2024 17:44,19,0.1,8,0.05,22.61,FALSE,FALSE,TRUE,TRUE,FALSE,,,,
21-11-2024 17:44,18.95,0.05,8.05,0.1,22.62,FALSE,FALSE,TRUE,TRUE,FALSE,,,,
21-11-2024 17:44,18.9,0.04,8.1,0.15,22.63,FALSE,FALSE,TRUE,TRUE,FALSE,,,,
21-11-2024 17:44,18.85,0.09,8.15,0.2,22.64,FALSE,FALSE,TRUE,TRUE,FALSE,,,,
21-11-2024 17:44,18.8,0.14,8.2,0.25,22.65,FALSE,FALSE,TRUE,TRUE,FALSE,,,,
21-11-2024 17:44,18.75,0.15,8.25,0.3,22.66,FALSE,FALSE,TRUE,TRUE,FALSE,,,,
21-11-2024 17:44,18.7,0.1,8.3,0.35,22.67,FALSE,FALSE,TRUE,TRUE,FALSE,,,,
21-11-2024 17:44,18.65,0.05,8.35,0.4,22.68,FALSE,FALSE,TRUE,TRUE,FALSE,,,,
21-11-2024 17:44,18.6,0.04,8.4,0.45,22.69,FALSE,FALSE,TRUE,TRUE,FALSE,,,,
21-11-2024 17:44,18.55,0.09,8.45,0.5,22.7,FALSE,FALSE,TRUE,TRUE,FALSE,,,,
21-11-2024 17:44,18.5,0.14,8.5,0.55,22.71,FALSE,FALSE,TRUE,TRUE,FALSE,,,,
21-11-2024 17:44,18.45,0.15,8.55,0.6,22.72,FALSE,FALSE,TRUE,TRUE,FALSE,,,,
21-11-2024 17:44,18.4,0.1,8.6,0.65,22.73,FALSE,FALSE,TRUE,TRUE,FALSE,,,,
21-11-2024 17:44,18.35,0.05,8.65,0.7,22.74,FALSE,FALSE,TRUE,TRUE,FALSE,,,,
21-11-2024 17:44,18.3,0.04,8.7,0.75,22.75,FALSE,FALSE,TRUE,TRUE,FALSE,,,,
21-11-2024 17:44,18.25,0.09,8.75,0.8,22.76,FALSE,FALSE,TRUE,TRUE,FALSE,,,,
21-11-2024 17:44,18.2,0.14,8.8,0.85,22.77,FALSE,FALSE,TRUE,TRUE,FALSE,,,,
21-11-2024 17:44,18.15,0.15,8.85,0.9,22.78,FALSE,FALSE,TRUE,TRUE,FALSE,,,,
21-11-2024 17:44,18.1,0.1,8.9,0.95,22.79,FALSE,FALSE,TRUE,TRUE,FALSE,,,,
21-11-2024 17:44,18.05,0.05,8.95,1,22.8,FALSE,FALSE,TRUE,TRUE,FALSE,,,,
21-11-2024 17:44,18,0.04,9,0.95,22.81,FALSE,FALSE,TRUE,TRUE,FALSE,,,,
21-11-2024 17:44,18.05,0.09,9.05,0.9,22.82,FALSE,FALSE,TRUE,TRUE,FALSE,,,,
21-11-2024 17:44,18.1,0.14,9.1,0.85,22.83,FALSE,FALSE,TRUE,TRUE,FALSE,,,,
21-11-2024 17:44,18.15,0.15,9.15,0.8,22.84,FALSE,FALSE,TRUE,TRUE,FALSE,,,,
21-11-2024 17:44,18.2,0.1,9.2,0.75,22.85,FALSE,FALSE,TRUE,TRUE,FALSE,,,,
21-11-2024 17:44,18.25,0.05,9.25,0.7,22.86,FALSE,FALSE,TRUE,TRUE,FALSE,,,,
21-11-2024 17:44,18.3,0.04,9.3,0.65,22.87,FALSE,FALSE,TRUE,TRUE,FALSE,,,,
21-11-2024 17:44,18.35,0.09,9.35,0.6,22.88,FALSE,FALSE,TRUE,TRUE,FALSE,,,,
21-11-2024 17:44,18.4,0.14,9.4,0.55,22.89,FALSE,FALSE,TRUE,TRUE,FALSE,,,,
21-11-2024 17:44,18.45,0.15,9.45,0.5,22.9,FALSE,FALSE,TRUE,TRUE,FALSE,,,,
21-11-2024 17:44,18.5,0.1,9.5,0.45,22.91,FALSE,FALSE,TRUE,TRUE,FALSE,,,,
21-11-2024 17:44,18.55,0.05,9.55,0.4,22.92,FALSE,FALSE,TRUE,TRUE,FALSE,,,,
21-11-2024 17:44,18.6,0.04,9.6,0.35,22.93,FALSE,FALSE,TRUE,TRUE,FALSE,,,,
21-11-2024 17:44,18.65,0.09,9.65,0.3,22.94,FALSE,FALSE,TRUE,TRUE,FALSE,,,,
21-11-2024 17:44,18.7,0.14,9.7,0.25,22.95,FALSE,FALSE,TRUE,TRUE,FALSE,,,,
21-11-2024 17:44,18.75,0.15,9.75,0.2,22.96,FALSE,FALSE,TRUE,TRUE,FALSE,,,,
21-11-2024 17:44,18.8,0.1,9.8,0.15,22.97,FALSE,FALSE,TRUE,TRUE,FALSE,,,,
21-11-2024 17:44,18.85,0.05,9.85,0.1,22.98,FALSE,FALSE,TRUE,TRUE,FALSE,,,,
21-11-2024 17:44,18.9,0.04,9.9,0.05,22.99,FALSE,FALSE,TRUE,TRUE,FALSE,,,,
21-11-2024 17:44,18.95,0.09,9.95,0,23,FALSE,FALSE,TRUE,TRUE,FALSE,,,,
21-11-2024 17:44,19,0.14,10,0.05,23.01,FALSE,FALSE,TRUE,TRUE,FALSE,,,,
21-11-2024 17:44,19.05,0.15,9.95,0.1,23.02,FALSE,FALSE,TRUE,TRUE,FALSE,,,,
21-11-2024 17:44,19.1,0.1,9.9,0.15,23.03,FALSE,FALSE,TRUE,TRUE,FALSE,,,,
21-11-2024 17:44,19.15,0.05,9.85,0.2,23.04,FALSE,FALSE,TRUE,TRUE,FALSE,,,,
21-11-2024 17:44,19.2,0.04,9.8,0.25,23.05,FALSE,FALSE,TRUE,TRUE,FALSE,,,,
21-11-2024 17:44,19.25,0.09,9.75,0.3,23.06,FALSE,FALSE,TRUE,TRUE,FALSE,,,,
21-11-2024 17:44,19.3,0.14,9.7,0.35,23.07,FALSE,FALSE,TRUE,TRUE,FALSE,,,,
21-11-2024 17:44,19.35,0.15,9.65,0.4,23.08,FALSE,FALSE,TRUE,TRUE,FALSE,,,,
21-11-2024 17:44,19.4,0.1,9.6,0.45,23.09,FALSE,FALSE,TRUE,TRUE,FALSE,,,,
21-11-2024 17:44,19.45,0.05,9.55,0.5,23.1,FALSE,FALSE,TRUE,TRUE,FALSE,,,,
21-11-2024 17:44,19.5,0.04,9.5,0.55,23.11,FALSE,FALSE,TRUE,TRUE,FALSE,,,,
21-11-2024 17:44,19.55,0.09,9.45,0.6,23.12,FALSE,FALSE,TRUE,TRUE,FALSE,,,,
21-11-2024 17:44,19.6,0.14,9.4,0.65,23.13,FALSE,FALSE,TRUE,TRUE,FALSE,,,,
21-11-2024 17:44,19.65,0.15,9.35,0.7,23.14,FALSE,FALSE,TRUE,TRUE,FALSE,,,,
21-11-2024 17:44,19.7,0.1,9.3,0.75,23.15,FALSE,FALSE,TRUE,TRUE,FALSE,,,,
21-11-2024 17:44,19.75,0.05,9.25,0.8,23.16,FALSE,FALSE,TRUE,TRUE,FALSE,,,,
21-11-2024 17:44,19.8,0.04,9.2,0.85,23.17,FALSE,FALSE,TRUE,TRUE,FALSE,,,,
21-11-2024 17:44,19.85,0.09,9.15,0.9,23.18,FALSE,FALSE,TRUE,TRUE,FALSE,,,,
21-11-2024 17:44,19.9,0.14,9.1,0.95,23.19,FALSE,FALSE,TRUE,TRUE,FALSE,,,,
21-11-2024 17:44,19.95,0.15,9.05,1,23.2,FALSE,FALSE,TRUE,TRUE,FALSE,,,,
21-11-2024 17:44,20,0.1,9,0.95,23.21,FALSE,FALSE,TRUE,TRUE,FALSE,,,,
21-11-2024 17:44,20.05,0.05,8.95,0.9,23.22,FALSE,FALSE,TRUE,TRUE,FALSE,,,,
21-11-2024 17:44,20.1,0.04,8.9,0.85,23.23,FALSE,FALSE,TRUE,TRUE,FALSE,,,,
21-11-2024 17:44,20.15,0.09,8.85,0.8,23.24,FALSE,FALSE,TRUE,TRUE,FALSE,,,,
21-11-2024 17:44,20.2,0.14,8.8,0.75,23.25,FALSE,FALSE,TRUE,TRUE,FALSE,,,,
21-11-2024 17:44,20.25,0.15,8.75,0.7,23.26,FALSE,FALSE,TRUE,TRUE,FALSE,,,,
21-11-2024 17:44,20.3,0.1,8.7,0.65,23.27,FALSE,FALSE,TRUE,TRUE,FALSE,,,,
21-11-2024 17:44,20.35,0.05,8.65,0.6,23.28,FALSE,FALSE,TRUE,TRUE,FALSE,,,,
21-11-2024 17:44,20.4,0.04,8.6,0.55,23.29,FALSE,FALSE,TRUE,TRUE,FALSE,,,,
21-11-2024 17:44,20.45,0.09,8.55,0.5,23.3,FALSE,FALSE,TRUE,TRUE,FALSE,,,,
21-11-2024 17:44,20.5,0.14,8.5,0.45,23.31,FALSE,FALSE,TRUE,TRUE,FALSE,,,,
21-11-2024 17:44,20.55,0.15,8.45,0.4,23.32,FALSE,FALSE,TRUE,TRUE,FALSE,,,,
21-11-2024 17:44,20.6,0.1,8.4,0.35,23.33,FALSE,FALSE,TRUE,TRUE,FALSE,,,,
21-11-2024 17:44,20.65,0.05,8.35,0.3,23.34,FALSE,FALSE,TRUE,TRUE,FALSE,,,,
21-11-2024 17:44,20.7,0.04,8.3,0.25,23.35,FALSE,FALSE,TRUE,TRUE,FALSE,,,,
21-11-2024 17:44,20.75,0.09,8.25,0.2,23.36,FALSE,FALSE,TRUE,TRUE,FALSE,,,,
21-11-2024 17:44,20.8,0.14,8.2,0.15,23.37,FALSE,FALSE,TRUE,TRUE,FALSE,,,,
21-11-2024 17:44,20.85,0.15,8.15,0.1,23.38,FALSE,FALSE,TRUE,TRUE,FALSE,,,,
21-11-2024 17:44,20.9,0.1,8.1,0.05,23.39,FALSE,FALSE,TRUE,TRUE,FALSE,,,,
21-11-2024 17:44,20.95,0.05,8.05,0,23.4,FALSE,FALSE,TRUE,TRUE,FALSE,,,,
21-11-2024 17:44,21,0.04,8,0.05,23.41,FALSE,FALSE,TRUE,TRUE,FALSE,,,,
21-11-2024 17:44,20.95,0.09,7.95,0.1,23.42,FALSE,FALSE,TRUE,TRUE,FALSE,,,,
21-11-2024 17:44,20.9,0.14,7.9,0.15,23.43,FALSE,FALSE,TRUE,TRUE,FALSE,,,,
21-11-2024 17:44,20.85,0.15,7.85,0.2,23.44,FALSE,FALSE,TRUE,TRUE,FALSE,,,,
21-11-2024 17:44,20.8,0.1,7.8,0.25,23.45,FALSE,FALSE,TRUE,TRUE,FALSE,,,,
21-11-2024 17:44,20.75,0.05,7.75,0.3,23.46,FALSE,FALSE,TRUE,TRUE,FALSE,,,,
21-11-2024 17:44,20.7,0.04,7.7,0.35,23.47,FALSE,FALSE,TRUE,TRUE,FALSE,,,,
21-11-2024 17:44,20.65,0.09,7.65,0.4,23.48,FALSE,FALSE,TRUE,TRUE,FALSE,,,,
21-11-2024 17:44,20.6,0.14,7.6,0.45,23.49,FALSE,FALSE,TRUE,TRUE,FALSE,,,,
21-11-2024 17:44,20.55,0.15,7.55,0.5,23.5,FALSE,FALSE,TRUE,TRUE,FALSE,,,,
21-11-2024 17:44,20.5,0.1,7.5,0.55,23.51,FALSE,FALSE,TRUE,TRUE,FALSE,,,,
21-11-2024 17:44,20.45,0.05,7.45,0.6,23.52,FALSE,FALSE,TRUE,TRUE,FALSE,,,,
21-11-2024 17:44,20.4,0.04,7.4,0.65,23.53,FALSE,FALSE,TRUE,TRUE,FALSE,,,,
21-11-2024 17:44,20.35,0.09,7.35,0.7,23.54,FALSE,FALSE,TRUE,TRUE,FALSE,,,,
21-11-2024 17:44,20.3,0.14,7.3,0.75,23.55,FALSE,FALSE,TRUE,TRUE,FALSE,,,,
21-11-2024 17:44,20.25,0.15,7.25,0.8,23.56,FALSE,FALSE,TRUE,TRUE,FALSE,,,,
21-11-2024 17:44,20.2,0.1,7.2,0.85,23.57,FALSE,FALSE,TRUE,TRUE,FALSE,,,,
21-11-2024 17:44,20.15,0.05,7.15,0.9,23.58,FALSE,FALSE,TRUE,TRUE,FALSE,,,,
21-11-2024 17:44,20.1,0.04,7.1,0.95,23.59,FALSE,FALSE,TRUE,TRUE,FALSE,,,,
21-11-2024 17:44,20.05,0.09,7.05,1,23.6,FALSE,FALSE,TRUE,TRUE,FALSE,,,,
21-11-2024 17:44,20,0.14,7,0.95,23.61,FALSE,FALSE,TRUE,TRUE,FALSE,,,,
21-11-2024 17:44,19.95,0.15,6.95,0.9,23.62,FALSE,FALSE,TRUE,TRUE,FALSE,,,,
21-11-2024 17:44,19.9,0.1,6.9,0.85,23.63,FALSE,FALSE,TRUE,TRUE,FALSE,,,,
21-11-2024 17:44,19.85,0.05,6.85,0.8,23.64,FALSE,FALSE,TRUE,TRUE,FALSE,,,,
21-11-2024 17:44,19.8,0.04,6.8,0.75,23.65,FALSE,FALSE,TRUE,TRUE,FALSE,,,,
21-11-2024 17:44,19.75,0.09,6.75,0.7,23.66,FALSE,FALSE,TRUE,TRUE,FALSE,,,,
21-11-2024 17:44,19.7,0.14,6.7,0.65,23.67,FALSE,FALSE,TRUE,TRUE,FALSE,,,,
21-11-2024 17:44,19.65,0.15,6.65,0.6,23.68,FALSE,FALSE,TRUE,TRUE,FALSE,,,,
21-11-2024 17:44,19.6,0.1,6.6,0.55,23.69,FALSE,FALSE,TRUE,TRUE,FALSE,,,,
21-11-2024 17:44,19.55,0.05,6.55,0.5,23.7,FALSE,FALSE,TRUE,TRUE,FALSE,,,,
21-11-2024 17:44,19.5,0.04,6.5,0.45,23.71,FALSE,FALSE,TRUE,TRUE,FALSE,,,,
21-11-2024 17:44,19.45,0.09,6.45,0.4,23.72,FALSE,FALSE,TRUE,TRUE,FALSE,,,,
21-11-2024 17:45,19.4,0.14,6.4,0.35,23.73,FALSE,FALSE,TRUE,TRUE,FALSE,,,,
21-11-2024 17:45,19.35,0.15,6.35,0.3,23.74,FALSE,FALSE,TRUE,TRUE,FALSE,,,,
21-11-2024 17:45,19.3,0.1,6.3,0.25,23.75,FALSE,FALSE,TRUE,TRUE,FALSE,,,,
21-11-2024 17:45,19.25,0.05,6.25,0.2,23.76,FALSE,FALSE,TRUE,TRUE,FALSE,,,,
21-11-2024 17:45,19.2,0.04,6.2,0.15,23.77,FALSE,FALSE,TRUE,TRUE,FALSE,,,,
21-11-2024 17:45,19.15,0.09,6.15,0.1,23.78,FALSE,FALSE,TRUE,TRUE,FALSE,,,,
21-11-2024 17:45,19.1,0.14,6.1,0.05,23.79,FALSE,FALSE,TRUE,TRUE,FALSE,,,,
21-11-2024 17:45,19.05,0.15,6.05,0,23.8,FALSE,FALSE,TRUE,TRUE,FALSE,,,,
21-11-2024 17:45,19,0.1,6,0.05,23.81,FALSE,FALSE,TRUE,TRUE,FALSE,,,,
21-11-2024 17:45,18.95,0.05,5.95,0.1,23.82,FALSE,FALSE,TRUE,TRUE,FALSE,,,,
21-11-2024 17:45,18.9,0.04,5.9,0.15,23.83,FALSE,FALSE,TRUE,TRUE,FALSE,,,,
21-11-2024 17:45,18.85,0.09,5.85,0.2,23.84,FALSE,FALSE,TRUE,TRUE,FALSE,,,,
21-11-2024 17:45,18.8,0.14,5.8,0.25,23.85,FALSE,FALSE,TRUE,TRUE,FALSE,,,,
21-11-2024 17:45,18.75,0.15,5.75,0.3,23.86,FALSE,FALSE,TRUE,TRUE,FALSE,,,,
21-11-2024 17:45,18.7,0.1,5.7,0.35,23.87,FALSE,FALSE,TRUE,TRUE,FALSE,,,,
21-11-2024 17:45,18.65,0.05,5.65,0.4,23.88,FALSE,FALSE,TRUE,TRUE,FALSE,,,,
21-11-2024 17:45,18.6,0.04,5.6,0.45,23.89,FALSE,FALSE,TRUE,TRUE,FALSE,,,,
21-11-2024 17:45,18.55,0.09,5.55,0.5,23.9,FALSE,FALSE,TRUE,TRUE,FALSE,,,,
21-11-2024 17:45,18.5,0.14,5.5,0.55,23.91,FALSE,FALSE,TRUE,TRUE,FALSE,,,,
21-11-2024 17:45,18.45,0.15,5.45,0.6,23.92,FALSE,FALSE,TRUE,TRUE,FALSE,,,,
21-11-2024 17:45,18.4,0.1,5.4,0.65,23.93,FALSE,FALSE,TRUE,TRUE,FALSE,,,,
21-11-2024 17:45,18.35,0.05,5.35,0.7,23.94,FALSE,FALSE,TRUE,TRUE,FALSE,,,,
21-11-2024 17:45,18.3,0.04,5.3,0.75,23.95,FALSE,FALSE,TRUE,TRUE,FALSE,,,,
21-11-2024 17:45,18.25,0.09,5.25,0.8,23.96,FALSE,FALSE,TRUE,TRUE,FALSE,,,,
21-11-2024 17:45,18.2,0.14,5.2,0.85,23.97,FALSE,FALSE,TRUE,TRUE,FALSE,,,,
21-11-2024 17:45,18.15,0.15,5.15,0.9,23.98,FALSE,FALSE,TRUE,TRUE,FALSE,,,,
21-11-2024 17:45,18.1,0.1,5.1,0.95,23.99,FALSE,FALSE,TRUE,TRUE,FALSE,,,,
21-11-2024 17:45,18.05,0.05,5.05,1,24,FALSE,FALSE,TRUE,TRUE,FALSE,,,,
21-11-2024 17:45,18,0.04,5,0.95,24.01,FALSE,FALSE,TRUE,TRUE,FALSE,,,,
21-11-2024 17:45,18.05,0.09,4.95,0.9,24.02,FALSE,FALSE,TRUE,TRUE,FALSE,,,,
21-11-2024 17:45,18.1,0.14,4.9,0.85,24.03,FALSE,FALSE,TRUE,TRUE,FALSE,,,,
21-11-2024 17:45,18.15,0.15,4.85,0.8,24.04,FALSE,FALSE,TRUE,TRUE,FALSE,,,,
21-11-2024 17:45,18.2,0.1,4.8,0.75,24.05,FALSE,FALSE,TRUE,TRUE,FALSE,,,,
21-11-2024 17:45,18.25,0.05,4.75,0.7,24.06,FALSE,FALSE,TRUE,TRUE,FALSE,,,,
21-11-2024 17:45,18.3,0.04,4.7,0.65,24.07,FALSE,FALSE,TRUE,TRUE,FALSE,,,,
21-11-2024 17:45,18.35,0.09,4.65,0.6,24.08,FALSE,FALSE,TRUE,TRUE,FALSE,,,,
21-11-2024 17:45,18.4,0.14,4.6,0.55,24.09,FALSE,FALSE,TRUE,TRUE,FALSE,,,,
21-11-2024 17:45,18.45,0.15,4.55,0.5,24.1,FALSE,FALSE,TRUE,TRUE,FALSE,,,,
21-11-2024 17:45,18.5,0.1,4.5,0.45,24.11,FALSE,FALSE,TRUE,TRUE,FALSE,,,,
21-11-2024 17:45,18.55,0.05,4.45,0.4,24.12,FALSE,FALSE,TRUE,TRUE,FALSE,,,,
21-11-2024 17:45,18.6,0.04,4.4,0.35,24.13,FALSE,FALSE,TRUE,TRUE,FALSE,,,,
21-11-2024 17:45,18.65,0.09,4.35,0.3,24.14,FALSE,FALSE,TRUE,TRUE,FALSE,,,,
21-11-2024 17:45,18.7,0.14,4.3,0.25,24.15,FALSE,FALSE,TRUE,TRUE,FALSE,,,,
21-11-2024 17:45,18.75,0.15,4.25,0.2,24.16,FALSE,FALSE,TRUE,TRUE,FALSE,,,,
21-11-2024 17:45,18.8,0.1,4.2,0.15,24.17,FALSE,FALSE,TRUE,TRUE,FALSE,,,,
21-11-2024 17:45,18.85,0.05,4.15,0.1,24.18,FALSE,FALSE,TRUE,TRUE,FALSE,,,,
21-11-2024 17:45,18.9,0.04,4.1,0.05,24.19,FALSE,FALSE,TRUE,TRUE,FALSE,,,,
21-11-2024 17:45,18.95,0.09,4.05,0,24.2,FALSE,FALSE,TRUE,TRUE,FALSE,,,,
21-11-2024 17:45,19,0.14,4,0.05,24.21,FALSE,FALSE,TRUE,TRUE,FALSE,,,,
21-11-2024 17:45,19.05,0.15,3.95,0.1,24.22,FALSE,FALSE,TRUE,TRUE,FALSE,,,,
21-11-2024 17:45,19.1,0.1,3.9,0.15,24.23,FALSE,FALSE,TRUE,TRUE,FALSE,,,,
21-11-2024 17:45,19.15,0.05,3.85,0.2,24.24,FALSE,FALSE,TRUE,TRUE,FALSE,,,,
21-11-2024 17:45,19.2,0.04,3.8,0.25,24.25,FALSE,FALSE,TRUE,TRUE,FALSE,,,,
21-11-2024 17:45,19.25,0.09,3.75,0.3,24.26,FALSE,FALSE,TRUE,TRUE,FALSE,,,,
21-11-2024 17:45,19.3,0.14,3.7,0.35,24.27,FALSE,FALSE,TRUE,TRUE,FALSE,,,,
21-11-2024 17:45,19.35,0.15,3.65,0.4,24.28,FALSE,FALSE,TRUE,TRUE,FALSE,,,,
21-11-2024 17:45,19.4,0.1,3.6,0.45,24.29,FALSE,FALSE,TRUE,TRUE,FALSE,,,,
21-11-2024 17:45,19.45,0.05,3.55,0.5,24.3,FALSE,FALSE,TRUE,TRUE,FALSE,,,,
21-11-2024 17:45,19.5,0.04,3.5,0.55,24.31,FALSE,FALSE,TRUE,TRUE,FALSE,,,,
21-11-2024 17:45,19.55,0.09,3.45,0.6,24.32,FALSE,FALSE,TRUE,TRUE,FALSE,,,,
21-11-2024 17:45,19.6,0.14,3.4,0.65,24.33,FALSE,FALSE,TRUE,TRUE,FALSE,,,,
21-11-2024 17:45,19.65,0.15,3.35,0.7,24.34,FALSE,FALSE,TRUE,TRUE,FALSE,,,,
21-11-2024 17:45,19.7,0.1,3.3,0.75,24.35,FALSE,FALSE,TRUE,TRUE,FALSE,,,,
21-11-2024 17:45,19.75,0.05,3.25,0.8,24.36,FALSE,FALSE,TRUE,TRUE,FALSE,,,,
21-11-2024 17:45,19.8,0.04,3.2,0.85,24.37,FALSE,FALSE,TRUE,TRUE,FALSE,,,,
21-11-2024 17:45,19.85,0.09,3.15,0.9,24.38,FALSE,FALSE,TRUE,TRUE,FALSE,,,,
21-11-2024 17:45,19.9,0.14,3.1,0.95,24.39,FALSE,FALSE,TRUE,TRUE,FALSE,,,,
21-11-2024 17:45,19.95,0.15,3.05,1,24.4,FALSE,FALSE,TRUE,TRUE,FALSE,,,,
21-11-2024 17:45,20,0.1,3,0.95,24.41,FALSE,FALSE,TRUE,TRUE,FALSE,,,,
21-11-2024 17:45,20.05,0.05,2.95,0.9,24.42,FALSE,FALSE,TRUE,TRUE,FALSE,,,,
21-11-2024 17:45,20.1,0.04,2.9,0.85,24.43,FALSE,FALSE,TRUE,TRUE,FALSE,,,,
21-11-2024 17:45,20.15,0.09,2.85,0.8,24.44,FALSE,FALSE,TRUE,TRUE,FALSE,,,,
21-11-2024 17:45,20.2,0.14,2.8,0.75,24.45,FALSE,FALSE,TRUE,TRUE,FALSE,,,,
21-11-2024 17:45,20.25,0.15,2.75,0.7,24.46,FALSE,FALSE,TRUE,TRUE,FALSE,,,,
21-11-2024 17:45,20.3,0.1,2.7,0.65,24.47,FALSE,FALSE,TRUE,TRUE,FALSE,,,,
21-11-2024 17:45,20.35,0.05,2.65,0.6,24.48,FALSE,FALSE,TRUE,TRUE,FALSE,,,,
21-11-2024 17:45,20.4,0.04,2.6,0.55,24.49,FALSE,FALSE,TRUE,TRUE,FALSE,,,,
21-11-2024 17:45,20.45,0.09,2.55,0.5,24.5,FALSE,FALSE,TRUE,TRUE,FALSE,,,,
21-11-2024 17:45,20.5,0.14,2.5,0.45,24.51,FALSE,FALSE,TRUE,TRUE,FALSE,,,,
21-11-2024 17:45,20.55,0.15,2.45,0.4,24.52,FALSE,FALSE,TRUE,TRUE,FALSE,,,,
21-11-2024 17:45,20.6,0.1,2.4,0.35,24.53,FALSE,FALSE,TRUE,TRUE,FALSE,,,,
21-11-2024 17:45,20.65,0.05,2.35,0.3,24.54,FALSE,FALSE,TRUE,TRUE,FALSE,,,,
21-11-2024 17:45,20.7,0.04,2.3,0.25,24.55,FALSE,FALSE,TRUE,TRUE,FALSE,,,,
21-11-2024 17:45,20.75,0.09,2.25,0.2,24.56,FALSE,FALSE,TRUE,TRUE,FALSE,,,,
21-11-2024 17:45,20.8,0.14,2.2,0.15,24.57,FALSE,FALSE,TRUE,TRUE,FALSE,,,,
21-11-2024 17:45,20.85,0.15,2.15,0.1,24.58,FALSE,FALSE,TRUE,TRUE,FALSE,,,,
21-11-2024 17:45,20.9,0.1,2.1,0.05,24.59,FALSE,FALSE,TRUE,TRUE,FALSE,,,,
21-11-2024 17:45,20.95,0.05,2.05,0,24.6,FALSE,FALSE,TRUE,TRUE,FALSE,,,,
21-11-2024 17:45,21,0.04,2,0.05,24.61,FALSE,FALSE,TRUE,TRUE,FALSE,,,,
21-11-2024 17:45,20.95,0.09,1.95,0.1,24.62,FALSE,FALSE,TRUE,TRUE,FALSE,,,,
21-11-2024 17:45,20.9,0.14,1.9,0.15,24.63,FALSE,FALSE,TRUE,TRUE,FALSE,,,,
21-11-2024 17:45,20.85,0.15,1.85,0.2,24.64,FALSE,FALSE,TRUE,TRUE,FALSE,,,,
21-11-2024 17:45,20.8,0.1,1.8,0.25,24.65,FALSE,FALSE,TRUE,TRUE,FALSE,,,,
21-11-2024 17:45,20.75,0.05,1.75,0.3,24.66,FALSE,FALSE,TRUE,TRUE,FALSE,,,,
21-11-2024 17:45,20.7,0.04,1.7,0.35,24.67,FALSE,FALSE,TRUE,TRUE,FALSE,,,,
21-11-2024 17:45,20.65,0.09,1.65,0.4,24.68,FALSE,FALSE,TRUE,TRUE,FALSE,,,,
21-11-2024 17:45,20.6,0.14,1.6,0.45,24.69,FALSE,FALSE,TRUE,TRUE,FALSE,,,,
21-11-2024 17:45,20.55,0.15,1.55,0.5,24.7,FALSE,FALSE,TRUE,TRUE,FALSE,,,,
21-11-2024 17:45,20.5,0.1,1.5,0.55,24.71,FALSE,FALSE,TRUE,TRUE,FALSE,,,,
21-11-2024 17:45,20.45,0.05,1.45,0.6,24.72,FALSE,FALSE,TRUE,TRUE,FALSE,,,,
21-11-2024 17:45,20.4,0.04,1.4,0.65,24.73,FALSE,FALSE,TRUE,TRUE,FALSE,,,,
21-11-2024 17:45,20.35,0.09,1.35,0.7,24.74,FALSE,FALSE,TRUE,TRUE,FALSE,,,,
21-11-2024 17:45,20.3,0.14,1.3,0.75,24.75,FALSE,FALSE,TRUE,TRUE,FALSE,,,,
21-11-2024 17:45,20.25,0.15,1.25,0.8,24.76,FALSE,FALSE,TRUE,TRUE,FALSE,,,,
21-11-2024 17:45,20.2,0.1,1.2,0.85,24.77,FALSE,FALSE,TRUE,TRUE,FALSE,,,,
21-11-2024 17:45,20.15,0.05,1.15,0.9,24.78,FALSE,FALSE,TRUE,TRUE,FALSE,,,,
21-11-2024 17:45,20.1,0.04,1.1,0.95,24.79,FALSE,FALSE,TRUE,TRUE,FALSE,,,,
21-11-2024 17:45,20.05,0.09,1.05,1,24.8,FALSE,FALSE,TRUE,TRUE,FALSE,,,,
21-11-2024 17:45,20,0.14,1,0.95,24.81,FALSE,FALSE,TRUE,TRUE,FALSE,,,,
21-11-2024 17:45,19.95,0.15,0.95,0.9,24.82,FALSE,FALSE,TRUE,TRUE,FALSE,,,,
21-11-2024 17:45,19.9,0.1,0.9,0.85,24.83,FALSE,FALSE,TRUE,TRUE,FALSE,,,,
21-11-2024 17:45,19.85,0.05,0.85,0.8,24.84,FALSE,FALSE,TRUE,TRUE,FALSE,,,,
21-11-2024 17:45,19.8,0.04,0.8,0.75,24.85,FALSE,FALSE,TRUE,TRUE,FALSE,,,,
21-11-2024 17:45,19.75,0.09,0.75,0.7,24.86,FALSE,FALSE,TRUE,TRUE,FALSE,,,,
21-11-2024 17:45,19.7,0.14,0.7,0.65,24.87,FALSE,FALSE,TRUE,TRUE,FALSE,,,,
21-11-2024 17:45,19.65,0.15,0.65,0.6,24.88,FALSE,FALSE,TRUE,TRUE,FALSE,,,,
21-11-2024 17:45,19.6,0.1,0.6,0.55,24.89,FALSE,FALSE,TRUE,TRUE,FALSE,,,,
21-11-2024 17:45,19.55,0.05,0.55,0.5,24.9,FALSE,FALSE,TRUE,TRUE,FALSE,,,,
21-11-2024 17:45,19.5,0.04,0.5,0.45,24.91,FALSE,FALSE,TRUE,TRUE,FALSE,,,,
21-11-2024 17:45,19.45,0.09,0.45,0.4,24.92,FALSE,FALSE,TRUE,TRUE,FALSE,,,,
21-11-2024 17:46,19.4,0.14,0.4,0.35,24.93,FALSE,FALSE,TRUE,TRUE,FALSE,,,,
21-11-2024 17:46,19.35,0.15,0.35,0.3,24.94,FALSE,FALSE,TRUE,TRUE,FALSE,,,,
21-11-2024 17:46,19.3,0.1,0.3,0.25,24.95,FALSE,FALSE,TRUE,TRUE,FALSE,,,,
21-11-2024 17:46,19.25,0.05,0.25,0.2,24.96,FALSE,FALSE,TRUE,TRUE,FALSE,,,,
21-11-2024 17:46,19.2,0.04,0.2,0.15,24.97,FALSE,FALSE,TRUE,TRUE,FALSE,,,,
21-11-2024 17:46,19.15,0.09,0.15,0.1,24.98,FALSE,FALSE,TRUE,TRUE,FALSE,,,,
21-11-2024 17:46,19.1,0.14,0.1,0.05,24.99,FALSE,FALSE,TRUE,TRUE,FALSE,,,,
21-11-2024 17:46,19.05,0.15,0.05,0,25,FALSE,FALSE,TRUE,TRUE,FALSE,,,,
21-11-2024 17:46,19,0.1,0,0.05,25.01,FALSE,FALSE,TRUE,TRUE,FALSE,,,,
21-11-2024 17:46,18.95,0.05,0.05,0.1,25.02,FALSE,FALSE,TRUE,TRUE,FALSE,,,,
21-11-2024 17:46,18.9,0.04,0.1,0.15,25.03,FALSE,FALSE,TRUE,TRUE,FALSE,,,,
21-11-2024 17:46,18.85,0.09,0.15,0.2,25.04,FALSE,FALSE,TRUE,TRUE,FALSE,,,,
21-11-2024 17:46,18.8,0.14,0.2,0.25,25.05,FALSE,FALSE,TRUE,TRUE,FALSE,,,,
21-11-2024 17:46,18.75,0.15,0.25,0.3,25.06,FALSE,FALSE,TRUE,TRUE,FALSE,,,,
21-11-2024 17:46,18.7,0.1,0.3,0.35,25.07,FALSE,FALSE,TRUE,TRUE,FALSE,,,,
21-11-2024 17:46,18.65,0.05,0.35,0.4,25.08,FALSE,FALSE,TRUE,TRUE,FALSE,,,,
21-11-2024 17:46,18.6,0.04,0.4,0.45,25.09,FALSE,FALSE,TRUE,TRUE,FALSE,,,,
21-11-2024 17:46,18.55,0.09,0.45,0.5,25.1,FALSE,FALSE,TRUE,TRUE,FALSE,,,,
21-11-2024 17:46,18.5,0.14,0.5,0.55,25.11,FALSE,FALSE,TRUE,TRUE,FALSE,,,,
21-11-2024 17:46,18.45,0.15,0.55,0.6,25.12,FALSE,FALSE,TRUE,TRUE,FALSE,,,,
21-11-2024 17:46,18.4,0.1,0.6,0.65,25.13,FALSE,FALSE,TRUE,TRUE,FALSE,,,,
21-11-2024 17:46,18.35,0.05,0.65,0.7,25.14,FALSE,FALSE,TRUE,TRUE,FALSE,,,,
21-11-2024 17:46,18.3,0.04,0.7,0.75,25.15,FALSE,FALSE,TRUE,TRUE,FALSE,,,,
21-11-2024 17:46,18.25,0.09,0.75,0.8,25.16,FALSE,FALSE,TRUE,TRUE,FALSE,,,,
21-11-2024 17:46,18.2,0.14,0.8,0.85,25.17,FALSE,FALSE,TRUE,TRUE,FALSE,,,,
21-11-2024 17:46,18.15,0.15,0.85,0.9,25.18,FALSE,FALSE,TRUE,TRUE,FALSE,,,,
21-11-2024 17:46,18.1,0.1,0.9,0.95,25.19,FALSE,FALSE,TRUE,TRUE,FALSE,,,,
21-11-2024 17:46,18.05,0.05,0.95,1,25.2,FALSE,FALSE,TRUE,TRUE,FALSE,,,,
21-11-2024 17:46,18,0.04,1,0.95,25.21,FALSE,FALSE,TRUE,TRUE,FALSE,,,,
21-11-2024 17:46,18.05,0.09,1.05,0.9,25.22,FALSE,FALSE,TRUE,TRUE,FALSE,,,,
21-11-2024 17:46,18.1,0.14,1.1,0.85,25.23,FALSE,FALSE,TRUE,TRUE,FALSE,,,,
21-11-2024 17:46,18.15,0.15,1.15,0.8,25.24,FALSE,FALSE,TRUE,TRUE,FALSE,,,,
21-11-2024 17:46,18.2,0.1,1.2,0.75,25.25,FALSE,FALSE,TRUE,TRUE,FALSE,,,,
21-11-2024 17:46,18.25,0.05,1.25,0.7,25.26,FALSE,FALSE,TRUE,TRUE,FALSE,,,,
21-11-2024 17:46,18.3,0.04,1.3,0.65,25.27,FALSE,FALSE,TRUE,TRUE,FALSE,,,,
21-11-2024 17:46,18.35,0.09,1.35,0.6,25.28,FALSE,FALSE,TRUE,TRUE,FALSE,,,,
21-11-2024 17:46,18.4,0.14,1.4,0.55,25.29,FALSE,FALSE,TRUE,TRUE,FALSE,,,,
21-11-2024 17:46,18.45,0.15,1.45,0.5,25.3,FALSE,FALSE,TRUE,TRUE,FALSE,,,,
21-11-2024 17:46,18.5,0.1,1.5,0.45,25.31,FALSE,FALSE,TRUE,TRUE,FALSE,,,,
21-11-2024 17:46,18.55,0.05,1.55,0.4,25.32,FALSE,FALSE,TRUE,TRUE,FALSE,,,,
21-11-2024 17:46,18.6,0.04,1.6,0.35,25.33,FALSE,FALSE,TRUE,TRUE,FALSE,,,,
21-11-2024 17:46,18.65,0.09,1.65,0.3,25.34,FALSE,FALSE,TRUE,TRUE,FALSE,,,,
21-11-2024 17:46,18.7,0.14,1.7,0.25,25.35,FALSE,FALSE,TRUE,TRUE,FALSE,,,,
21-11-2024 17:46,18.75,0.15,1.75,0.2,25.36,FALSE,FALSE,TRUE,TRUE,FALSE,,,,
21-11-2024 17:46,18.8,0.1,1.8,0.15,25.37,FALSE,FALSE,TRUE,TRUE,FALSE,,,,
21-11-2024 17:46,18.85,0.05,1.85,0.1,25.38,FALSE,FALSE,TRUE,TRUE,FALSE,,,,
21-11-2024 17:46,18.9,0.04,1.9,0.05,25.39,FALSE,FALSE,TRUE,TRUE,FALSE,,,,
21-11-2024 17:46,18.95,0.09,1.95,0,25.4,FALSE,FALSE,TRUE,TRUE,FALSE,,,,
21-11-2024 17:46,19,0.14,2,0.05,25.41,FALSE,FALSE,TRUE,TRUE,FALSE,,,,
21-11-2024 17:46,19.05,0.15,2.05,0.1,25.42,FALSE,FALSE,TRUE,TRUE,FALSE,,,,
21-11-2024 17:46,19.1,0.1,2.1,0.15,25.43,FALSE,FALSE,TRUE,TRUE,FALSE,,,,
21-11-2024 17:46,19.15,0.05,2.15,0.2,25.44,FALSE,FALSE,TRUE,TRUE,FALSE,,,,
21-11-2024 17:46,19.2,0.04,2.2,0.25,25.45,FALSE,FALSE,TRUE,TRUE,FALSE,,,,
21-11-2024 17:46,19.25,0.09,2.25,0.3,25.46,FALSE,FALSE,TRUE,TRUE,FALSE,,,,
21-11-2024 17:46,19.3,0.14,2.3,0.35,25.47,FALSE,FALSE,TRUE,TRUE,FALSE,,,,
21-11-2024 17:46,19.35,0.15,2.35,0.4,25.48,FALSE,FALSE,TRUE,TRUE,FALSE,,,,
21-11-2024 17:46,19.4,0.1,2.4,0.45,25.49,FALSE,FALSE,TRUE,TRUE,FALSE,,,,
21-11-2024 17:46,19.45,0.05,2.45,0.5,25.5,FALSE,FALSE,TRUE,TRUE,FALSE,,,,
21-11-2024 17:46,19.5,0.04,2.5,0.55,25.51,FALSE,FALSE,TRUE,TRUE,FALSE,,,,
21-11-2024 17:46,19.55,0.09,2.55,0.6,25.52,FALSE,FALSE,TRUE,TRUE,FALSE,,,,
21-11-2024 17:46,19.6,0.14,2.6,0.65,25.53,FALSE,FALSE,TRUE,TRUE,FALSE,,,,
21-11-2024 17:46,19.65,0.15,2.65,0.7,25.54,FALSE,FALSE,TRUE,TRUE,FALSE,,,,
21-11-2024 17:46,19.7,0.1,2.7,0.75,25.55,FALSE,FALSE,TRUE,TRUE,FALSE,,,,
21-11-2024 17:46,19.75,0.05,2.75,0.8,25.56,FALSE,FALSE,TRUE,TRUE,FALSE,,,,
21-11-2024 17:46,19.8,0.04,2.8,0.85,25.57,FALSE,FALSE,TRUE,TRUE,FALSE,,,,
21-11-2024 17:46,19.85,0.09,2.85,0.9,25.58,FALSE,FALSE,TRUE,TRUE,FALSE,,,,
21-11-2024 17:46,19.9,0.14,2.9,0.95,25.59,FALSE,FALSE,TRUE,TRUE,FALSE,,,,
21-11-2024 17:46,19.95,0.15,2.95,1,25.6,FALSE,FALSE,TRUE,TRUE,FALSE,,,,
21-11-2024 17:46,20,0.1,3,0.95,25.61,FALSE,FALSE,TRUE,TRUE,FALSE,,,,
21-11-2024 17:46,20.05,0.05,3.05,0.9,25.62,FALSE,FALSE,TRUE,TRUE,FALSE,,,,
21-11-2024 17:46,20.1,0.04,3.1,0.85,25.63,FALSE,FALSE,TRUE,TRUE,FALSE,,,,
21-11-2024 17:46,20.15,0.09,3.15,0.8,25.64,FALSE,FALSE,TRUE,TRUE,FALSE,,,,
21-11-2024 17:46,20.2,0.14,3.2,0.75,25.65,FALSE,FALSE,TRUE,TRUE,FALSE,,,,
21-11-2024 17:46,20.25,0.15,3.25,0.7,25.66,FALSE,FALSE,TRUE,TRUE,FALSE,,,,
21-11-2024 17:46,20.3,0.1,3.3,0.65,25.67,FALSE,FALSE,TRUE,TRUE,FALSE,,,,
21-11-2024 17:46,20.35,0.05,3.35,0.6,25.68,FALSE,FALSE,TRUE,TRUE,FALSE,,,,
21-11-2024 17:46,20.4,0.04,3.4,0.55,25.69,FALSE,FALSE,TRUE,TRUE,FALSE,,,,
21-11-2024 17:46,20.45,0.09,3.45,0.5,25.7,FALSE,FALSE,TRUE,TRUE,FALSE,,,,
21-11-2024 17:46,20.5,0.14,3.5,0.45,25.71,FALSE,FALSE,TRUE,TRUE,FALSE,,,,
21-11-2024 17:46,20.55,0.15,3.55,0.4,25.72,FALSE,FALSE,TRUE,TRUE,FALSE,,,,
21-11-2024 17:46,20.6,0.1,3.6,0.35,25.73,FALSE,FALSE,TRUE,TRUE,FALSE,,,,
21-11-2024 17:46,20.65,0.05,3.65,0.3,25.74,FALSE,FALSE,TRUE,TRUE,FALSE,,,,
21-11-2024 17:46,20.7,0.04,3.7,0.25,25.75,FALSE,FALSE,TRUE,TRUE,FALSE,,,,
21-11-2024 17:46,20.75,0.09,3.75,0.2,25.76,FALSE,FALSE,TRUE,TRUE,FALSE,,,,
21-11-2024 17:46,20.8,0.14,3.8,0.15,25.77,FALSE,FALSE,TRUE,TRUE,FALSE,,,,
21-11-2024 17:46,20.85,0.15,3.85,0.1,25.78,FALSE,FALSE,TRUE,TRUE,FALSE,,,,
21-11-2024 17:46,20.9,0.1,3.9,0.05,25.79,FALSE,FALSE,TRUE,TRUE,FALSE,,,,
21-11-2024 17:46,20.95,0.05,3.95,0,25.8,FALSE,FALSE,TRUE,TRUE,FALSE,,,,
21-11-2024 17:46,21,0.04,4,0.05,25.81,FALSE,FALSE,TRUE,TRUE,FALSE,,,,
21-11-2024 17:46,20.95,0.09,4.05,0.1,25.82,FALSE,FALSE,TRUE,TRUE,FALSE,,,,
21-11-2024 17:46,20.9,0.14,4.1,0.15,25.83,FALSE,FALSE,TRUE,TRUE,FALSE,,,,
21-11-2024 17:46,20.85,0.15,4.15,0.2,25.84,FALSE,FALSE,TRUE,TRUE,FALSE,,,,
21-11-2024 17:46,20.8,0.1,4.2,0.25,25.85,FALSE,FALSE,TRUE,TRUE,FALSE,,,,
21-11-2024 17:46,20.75,0.05,4.25,0.3,25.86,FALSE,FALSE,TRUE,TRUE,FALSE,,,,
21-11-2024 17:46,20.7,0.04,4.3,0.35,25.87,FALSE,FALSE,TRUE,TRUE,FALSE,,,,
21-11-2024 17:46,20.65,0.09,4.35,0.4,25.88,FALSE,FALSE,TRUE,TRUE,FALSE,,,,
21-11-2024 17:46,20.6,0.14,4.4,0.45,25.89,FALSE,FALSE,TRUE,TRUE,FALSE,,,,
21-11-2024 17:46,20.55,0.15,4.45,0.5,25.9,FALSE,FALSE,TRUE,TRUE,FALSE,,,,
21-11-2024 17:46,20.5,0.1,4.5,0.55,25.91,FALSE,FALSE,TRUE,TRUE,FALSE,,,,
21-11-2024 17:46,20.45,0.05,4.55,0.6,25.92,FALSE,FALSE,TRUE,TRUE,FALSE,,,,
21-11-2024 17:46,20.4,0.04,4.6,0.65,25.93,FALSE,FALSE,TRUE,TRUE,FALSE,,,,
21-11-2024 17:46,20.35,0.09,4.65,0.7,25.94,FALSE,FALSE,TRUE,TRUE,FALSE,,,,
21-11-2024 17:46,20.3,0.14,4.7,0.75,25.95,FALSE,FALSE,TRUE,TRUE,FALSE,,,,
21-11-2024 17:46,20.25,0.15,4.75,0.8,25.96,FALSE,FALSE,TRUE,TRUE,FALSE,,,,
21-11-2024 17:46,20.2,0.1,4.8,0.85,25.97,FALSE,FALSE,TRUE,TRUE,FALSE,,,,
21-11-2024 17:46,20.15,0.05,4.85,0.9,25.98,FALSE,FALSE,TRUE,TRUE,FALSE,,,,
21-11-2024 17:46,20.1,0.04,4.9,0.95,25.99,FALSE,FALSE,TRUE,TRUE,FALSE,,,,
21-11-2024 17:46,20.05,0.09,4.95,1,26,FALSE,FALSE,TRUE,TRUE,FALSE,,,,
21-11-2024 17:46,20,0.14,5,0.95,26.01,FALSE,FALSE,TRUE,TRUE,FALSE,,,,
21-11-2024 17:46,19.95,0.15,5.05,0.9,26.02,FALSE,FALSE,TRUE,TRUE,FALSE,,,,
21-11-2024 17:46,19.9,0.1,5.1,0.85,26.03,FALSE,FALSE,TRUE,TRUE,FALSE,,,,
21-11-2024 17:46,19.85,0.05,5.15,0.8,26.04,FALSE,FALSE,TRUE,TRUE,FALSE,,,,
21-11-2024 17:46,19.8,0.04,5.2,0.75,26.05,FALSE,FALSE,TRUE,TRUE,FALSE,,,,
21-11-2024 17:46,19.75,0.09,5.25,0.7,26.06,FALSE,FALSE,TRUE,TRUE,FALSE,,,,
21-11-2024 17:46,19.7,0.14,5.3,0.65,26.07,FALSE,FALSE,TRUE,TRUE,FALSE,,,,
21-11-2024 17:46,19.65,0.15,5.35,0.6,26.08,FALSE,FALSE,TRUE,TRUE,FALSE,,,,
21-11-2024 17:46,19.6,0.1,5.4,0.55,26.09,FALSE,FALSE,TRUE,TRUE,FALSE,,,,
21-11-2024 17:46,19.55,0.05,5.45,0.5,26.1,FALSE,FALSE,TRUE,TRUE,FALSE,,,,
21-11-2024 17:46,19.5,0.04,5.5,0.45,26.11,FALSE,FALSE,TRUE,TRUE,FALSE,,,,
21-11-2024 17:47,19.45,0.09,5.55,0.4,26.12,FALSE,FALSE,TRUE,TRUE,FALSE,,,,
21-11-2024 17:47,19.4,0.14,5.6,0.35,26.13,FALSE,FALSE,TRUE,TRUE,FALSE,,,,
21-11-2024 17:47,19.35,0.15,5.65,0.3,26.14,FALSE,FALSE,TRUE,TRUE,FALSE,,,,
21-11-2024 17:47,19.3,0.1,5.7,0.25,26.15,FALSE,FALSE,TRUE,TRUE,FALSE,,,,
21-11-2024 17:47,19.25,0.05,5.75,0.2,26.16,FALSE,FALSE,TRUE,TRUE,FALSE,,,,
21-11-2024 17:47,19.2,0.04,5.8,0.15,26.17,FALSE,FALSE,TRUE,TRUE,FALSE,,,,
21-11-2024 17:47,19.15,0.09,5.85,0.1,26.18,FALSE,FALSE,TRUE,TRUE,FALSE,,,,
21-11-2024 17:47,19.1,0.14,5.9,0.05,26.19,FALSE,FALSE,TRUE,TRUE,FALSE,,,,
21-11-2024 17:47,19.05,0.15,5.95,0,26.2,FALSE,FALSE,TRUE,TRUE,FALSE,,,,
21-11-2024 17:47,19,0.1,6,0.05,26.21,FALSE,FALSE,TRUE,TRUE,FALSE,,,,
21-11-2024 17:47,18.95,0.05,6.05,0.1,26.22,FALSE,FALSE,TRUE,TRUE,FALSE,,,,
21-11-2024 17:47,18.9,0.04,6.1,0.15,26.23,FALSE,FALSE,TRUE,TRUE,FALSE,,,,
21-11-2024 17:47,18.85,0.09,6.15,0.2,26.24,FALSE,FALSE,TRUE,TRUE,FALSE,,,,
21-11-2024 17:47,18.8,0.14,6.2,0.25,26.25,FALSE,FALSE,TRUE,TRUE,FALSE,,,,
21-11-2024 17:47,18.75,0.15,6.25,0.3,26.26,FALSE,FALSE,TRUE,TRUE,FALSE,,,,
21-11-2024 17:47,18.7,0.1,6.3,0.35,26.27,FALSE,FALSE,TRUE,TRUE,FALSE,,,,
21-11-2024 17:47,18.65,0.05,6.35,0.4,26.28,FALSE,FALSE,TRUE,TRUE,FALSE,,,,
21-11-2024 17:47,18.6,0.04,6.4,0.45,26.29,FALSE,FALSE,TRUE,TRUE,FALSE,,,,
21-11-2024 17:47,18.55,0.09,6.45,0.5,26.3,FALSE,FALSE,TRUE,TRUE,FALSE,,,,
21-11-2024 17:47,18.5,0.14,6.5,0.55,26.31,FALSE,FALSE,TRUE,TRUE,FALSE,,,,
21-11-2024 17:47,18.45,0.15,6.55,0.6,26.32,FALSE,FALSE,TRUE,TRUE,FALSE,,,,
21-11-2024 17:47,18.4,0.1,6.6,0.65,26.33,FALSE,FALSE,TRUE,TRUE,FALSE,,,,
21-11-2024 17:47,18.35,0.05,6.65,0.7,26.34,FALSE,FALSE,TRUE,TRUE,FALSE,,,,
21-11-2024 17:47,18.3,0.04,6.7,0.75,26.35,FALSE,FALSE,TRUE,TRUE,FALSE,,,,
21-11-2024 17:47,18.25,0.09,6.75,0.8,26.36,FALSE,FALSE,TRUE,TRUE,FALSE,,,,
21-11-2024 17:47,18.2,0.14,6.8,0.85,26.37,FALSE,FALSE,TRUE,TRUE,FALSE,,,,
21-11-2024 17:47,18.15,0.15,6.85,0.9,26.38,FALSE,FALSE,TRUE,TRUE,FALSE,,,,
21-11-2024 17:47,18.1,0.1,6.9,0.95,26.39,FALSE,FALSE,TRUE,TRUE,FALSE,,,,
21-11-2024 17:47,18.05,0.05,6.95,1,26.4,FALSE,FALSE,TRUE,TRUE,FALSE,,,,
21-11-2024 17:47,18,0.04,7,0.95,26.41,FALSE,FALSE,TRUE,TRUE,FALSE,,,,
21-11-2024 17:47,18.05,0.09,7.05,0.9,26.42,FALSE,FALSE,TRUE,TRUE,FALSE,,,,
21-11-2024 17:47,18.1,0.14,7.1,0.85,26.43,FALSE,FALSE,TRUE,TRUE,FALSE,,,,
21-11-2024 17:47,18.15,0.15,7.15,0.8,26.44,FALSE,FALSE,TRUE,TRUE,FALSE,,,,
21-11-2024 17:47,18.2,0.1,7.2,0.75,26.45,FALSE,FALSE,TRUE,TRUE,FALSE,,,,
21-11-2024 17:47,18.25,0.05,7.25,0.7,26.46,FALSE,FALSE,TRUE,TRUE,FALSE,,,,
21-11-2024 17:47,18.3,0.04,7.3,0.65,26.47,FALSE,FALSE,TRUE,TRUE,FALSE,,,,
21-11-2024 17:47,18.35,0.09,7.35,0.6,26.48,FALSE,FALSE,TRUE,TRUE,FALSE,,,,
21-11-2024 17:47,18.4,0.14,7.4,0.55,26.49,FALSE,FALSE,TRUE,TRUE,FALSE,,,,
21-11-2024 17:47,18.45,0.15,7.45,0.5,26.5,FALSE,FALSE,TRUE,TRUE,FALSE,,,,
21-11-2024 17:47,18.5,0.1,7.5,0.45,26.51,FALSE,FALSE,TRUE,TRUE,FALSE,,,,
21-11-2024 17:47,18.55,0.05,7.55,0.4,26.52,FALSE,FALSE,TRUE,TRUE,FALSE,,,,
21-11-2024 17:47,18.6,0.04,7.6,0.35,26.53,FALSE,FALSE,TRUE,TRUE,FALSE,,,,
21-11-2024 17:47,18.65,0.09,7.65,0.3,26.54,FALSE,FALSE,TRUE,TRUE,FALSE,,,,
21-11-2024 17:47,18.7,0.14,7.7,0.25,26.55,FALSE,FALSE,TRUE,TRUE,FALSE,,,,
21-11-2024 17:47,18.75,0.15,7.75,0.2,26.56,FALSE,FALSE,TRUE,TRUE,FALSE,,,,
21-11-2024 17:47,18.8,0.1,7.8,0.15,26.57,FALSE,FALSE,TRUE,TRUE,FALSE,,,,
21-11-2024 17:47,18.85,0.05,7.85,0.1,26.58,FALSE,FALSE,TRUE,TRUE,FALSE,,,,
21-11-2024 17:47,18.9,0.04,7.9,0.05,26.59,FALSE,FALSE,TRUE,TRUE,FALSE,,,,
21-11-2024 17:47,18.95,0.09,7.95,0,26.6,FALSE,FALSE,TRUE,TRUE,FALSE,,,,
21-11-2024 17:47,19,0.14,8,0.05,26.61,FALSE,FALSE,TRUE,TRUE,FALSE,,,,
21-11-2024 17:47,19.05,0.15,8.05,0.1,26.62,FALSE,FALSE,TRUE,TRUE,FALSE,,,,
21-11-2024 17:47,19.1,0.1,8.1,0.15,26.63,FALSE,FALSE,TRUE,TRUE,FALSE,,,,
21-11-2024 17:47,19.15,0.05,8.15,0.2,26.64,FALSE,FALSE,TRUE,TRUE,FALSE,,,,
21-11-2024 17:47,19.2,0.04,8.2,0.25,26.65,FALSE,FALSE,TRUE,TRUE,FALSE,,,,
21-11-2024 17:47,19.25,0.09,8.25,0.3,26.66,FALSE,FALSE,TRUE,TRUE,FALSE,,,,
21-11-2024 17:47,19.3,0.14,8.3,0.35,26.67,FALSE,FALSE,TRUE,TRUE,FALSE,,,,
21-11-2024 17:47,19.35,0.15,8.35,0.4,26.68,FALSE,FALSE,TRUE,TRUE,FALSE,,,,
21-11-2024 17:47,19.4,0.1,8.4,0.45,26.69,FALSE,FALSE,TRUE,TRUE,FALSE,,,,
21-11-2024 17:47,19.45,0.05,8.45,0.5,26.7,FALSE,FALSE,TRUE,TRUE,FALSE,,,,
21-11-2024 17:47,19.5,0.04,8.5,0.55,26.71,FALSE,FALSE,TRUE,TRUE,FALSE,,,,
21-11-2024 17:47,19.55,0.09,8.55,0.6,26.72,FALSE,FALSE,TRUE,TRUE,FALSE,,,,
21-11-2024 17:47,19.6,0.14,8.6,0.65,26.73,FALSE,FALSE,TRUE,TRUE,FALSE,,,,
21-11-2024 17:47,19.65,0.15,8.65,0.7,26.74,FALSE,FALSE,TRUE,TRUE,FALSE,,,,
21-11-2024 17:47,19.7,0.1,8.7,0.75,26.75,FALSE,FALSE,TRUE,TRUE,FALSE,,,,
21-11-2024 17:47,19.75,0.05,8.75,0.8,26.76,FALSE,FALSE,TRUE,TRUE,FALSE,,,,
21-11-2024 17:47,19.8,0.04,8.8,0.85,26.77,FALSE,FALSE,TRUE,TRUE,FALSE,,,,
21-11-2024 17:47,19.85,0.09,8.85,0.9,26.78,FALSE,FALSE,TRUE,TRUE,FALSE,,,,
21-11-2024 17:47,19.9,0.14,8.9,0.95,26.79,FALSE,FALSE,TRUE,TRUE,FALSE,,,,
21-11-2024 17:47,19.95,0.15,8.95,1,26.8,FALSE,FALSE,TRUE,TRUE,FALSE,,,,
21-11-2024 17:47,20,0.1,9,0.95,26.81,FALSE,FALSE,TRUE,TRUE,FALSE,,,,
21-11-2024 17:47,20.05,0.05,9.05,0.9,26.82,FALSE,FALSE,TRUE,TRUE,FALSE,,,,
21-11-2024 17:47,20.1,0.04,9.1,0.85,26.83,FALSE,FALSE,TRUE,TRUE,FALSE,,,,
21-11-2024 17:47,20.15,0.09,9.15,0.8,26.84,FALSE,FALSE,TRUE,TRUE,FALSE,,,,
21-11-2024 17:47,20.2,0.14,9.2,0.75,26.85,FALSE,FALSE,TRUE,TRUE,FALSE,,,,
21-11-2024 17:47,20.25,0.15,9.25,0.7,26.86,FALSE,FALSE,TRUE,TRUE,FALSE,,,,
21-11-2024 17:47,20.3,0.1,9.3,0.65,26.87,FALSE,FALSE,TRUE,TRUE,FALSE,,,,
21-11-2024 17:47,20.35,0.05,9.35,0.6,26.88,FALSE,FALSE,TRUE,TRUE,FALSE,,,,
21-11-2024 17:47,20.4,0.04,9.4,0.55,26.89,FALSE,FALSE,TRUE,TRUE,FALSE,,,,
21-11-2024 17:47,20.45,0.09,9.45,0.5,26.9,FALSE,FALSE,TRUE,TRUE,FALSE,,,,
21-11-2024 17:47,20.5,0.14,9.5,0.45,26.91,FALSE,FALSE,TRUE,TRUE,FALSE,,,,
21-11-2024 17:47,20.55,0.15,9.55,0.4,26.92,FALSE,FALSE,TRUE,TRUE,FALSE,,,,
21-11-2024 17:47,20.6,0.1,9.6,0.35,26.93,FALSE,FALSE,TRUE,TRUE,FALSE,,,,
21-11-2024 17:47,20.65,0.05,9.65,0.3,26.94,FALSE,FALSE,TRUE,TRUE,FALSE,,,,
21-11-2024 17:47,20.7,0.04,9.7,0.25,26.95,FALSE,FALSE,TRUE,TRUE,FALSE,,,,
21-11-2024 17:47,20.75,0.09,9.75,0.2,26.96,FALSE,FALSE,TRUE,TRUE,FALSE,,,,
21-11-2024 17:47,20.8,0.14,9.8,0.15,26.97,FALSE,FALSE,TRUE,TRUE,FALSE,,,,
21-11-2024 17:47,20.85,0.15,9.85,0.1,26.98,FALSE,FALSE,TRUE,TRUE,FALSE,,,,
21-11-2024 17:47,20.9,0.1,9.9,0.05,26.99,FALSE,FALSE,TRUE,TRUE,FALSE,,,,
21-11-2024 17:47,20.95,0.05,9.95,0,27,FALSE,FALSE,TRUE,TRUE,FALSE,,,,
21-11-2024 17:47,21,0.04,10,0.05,27.01,FALSE,FALSE,TRUE,TRUE,FALSE,,,,
21-11-2024 17:47,20.95,0.09,9.95,0.1,27.02,FALSE,FALSE,TRUE,TRUE,FALSE,,,,
21-11-2024 17:47,20.9,0.14,9.9,0.15,27.03,FALSE,FALSE,TRUE,TRUE,FALSE,,,,
21-11-2024 17:47,20.85,0.15,9.85,0.2,27.04,FALSE,FALSE,TRUE,TRUE,FALSE,,,,
21-11-2024 17:47,20.8,0.1,9.8,0.25,27.05,FALSE,FALSE,TRUE,TRUE,FALSE,,,,
21-11-2024 17:47,20.75,0.05,9.75,0.3,27.06,FALSE,FALSE,TRUE,TRUE,FALSE,,,,
21-11-2024 17:47,20.7,0.04,9.7,0.35,27.07,FALSE,FALSE,TRUE,TRUE,FALSE,,,,
21-11-2024 17:47,20.65,0.09,9.65,0.4,27.08,FALSE,FALSE,TRUE,TRUE,FALSE,,,,
21-11-2024 17:47,20.6,0.14,9.6,0.45,27.09,FALSE,FALSE,TRUE,TRUE,FALSE,,,,
21-11-2024 17:47,20.55,0.15,9.55,0.5,27.1,FALSE,FALSE,TRUE,TRUE,FALSE,,,,
21-11-2024 17:47,20.5,0.1,9.5,0.55,27.11,FALSE,FALSE,TRUE,TRUE,FALSE,,,,
21-11-2024 17:47,20.45,0.05,9.45,0.6,27.12,FALSE,FALSE,TRUE,TRUE,FALSE,,,,
21-11-2024 17:47,20.4,0.04,9.4,0.65,27.13,FALSE,FALSE,TRUE,TRUE,FALSE,,,,
21-11-2024 17:47,20.35,0.09,9.35,0.7,27.14,FALSE,FALSE,TRUE,TRUE,FALSE,,,,
21-11-2024 17:47,20.3,0.14,9.3,0.75,27.15,FALSE,FALSE,TRUE,TRUE,FALSE,,,,
21-11-2024 17:47,20.25,0.15,9.25,0.8,27.16,FALSE,FALSE,TRUE,TRUE,FALSE,,,,
21-11-2024 17:47,20.2,0.1,9.2,0.85,27.17,FALSE,FALSE,TRUE,TRUE,FALSE,,,,
21-11-2024 17:47,20.15,0.05,9.15,0.9,27.18,FALSE,FALSE,TRUE,TRUE,FALSE,,,,
21-11-2024 17:47,20.1,0.04,9.1,0.95,27.19,FALSE,FALSE,TRUE,TRUE,FALSE,,,,
21-11-2024 17:47,20.05,0.09,9.05,1,27.2,FALSE,FALSE,TRUE,TRUE,FALSE,,,,
21-11-2024 17:47,20,0.14,9,0.95,27.21,FALSE,FALSE,TRUE,TRUE,FALSE,,,,
21-11-2024 17:47,19.95,0.15,8.95,0.9,27.22,FALSE,FALSE,TRUE,TRUE,FALSE,,,,
21-11-2024 17:47,19.9,0.1,8.9,0.85,27.23,FALSE,FALSE,TRUE,TRUE,FALSE,,,,
21-11-2024 17:47,19.85,0.05,8.85,0.8,27.24,FALSE,FALSE,TRUE,TRUE,FALSE,,,,
21-11-2024 17:47,19.8,0.04,8.8,0.75,27.25,FALSE,FALSE,TRUE,TRUE,FALSE,,,,
21-11-2024 17:47,19.75,0.09,8.75,0.7,27.26,FALSE,FALSE,TRUE,TRUE,FALSE,,,,
21-11-2024 17:47,19.7,0.14,8.7,0.65,27.27,FALSE,FALSE,TRUE,TRUE,FALSE,,,,
21-11-2024 17:47,19.65,0.15,8.65,0.6,27.28,FALSE,FALSE,TRUE,TRUE,FALSE,,,,
21-11-2024 17:47,19.6,0.1,8.6,0.55,27.29,FALSE,FALSE,TRUE,TRUE,FALSE,,,,
21-11-2024 17:47,19.55,0.05,8.55,0.5,27.3,FALSE,FALSE,TRUE,TRUE,FALSE,,,,
21-11-2024 17:47,19.5,0.04,8.5,0.45,27.31,FALSE,FALSE,TRUE,TRUE,FALSE,,,,
21-11-2024 17:48,19.45,0.09,8.45,0.4,27.32,FALSE,FALSE,TRUE,TRUE,FALSE,,,,
21-11-2024 17:48,19.4,0.14,8.4,0.35,27.33,FALSE,FALSE,TRUE,TRUE,FALSE,,,,
21-11-2024 17:48,19.35,0.15,8.35,0.3,27.34,FALSE,FALSE,TRUE,TRUE,FALSE,,,,
21-11-2024 17:48,19.3,0.1,8.3,0.25,27.35,FALSE,FALSE,TRUE,TRUE,FALSE,,,,
21-11-2024 17:48,19.25,0.05,8.25,0.2,27.36,FALSE,FALSE,TRUE,TRUE,FALSE,,,,
21-11-2024 17:48,19.2,0.04,8.2,0.15,27.37,FALSE,FALSE,TRUE,TRUE,FALSE,,,,
21-11-2024 17:48,19.15,0.09,8.15,0.1,27.38,FALSE,FALSE,TRUE,TRUE,FALSE,,,,
21-11-2024 17:48,19.1,0.14,8.1,0.05,27.39,FALSE,FALSE,TRUE,TRUE,FALSE,,,,
21-11-2024 17:48,19.05,0.15,8.05,0,27.4,FALSE,FALSE,TRUE,TRUE,FALSE,,,,
21-11-2024 17:48,19,0.1,8,0.05,27.41,FALSE,FALSE,TRUE,TRUE,FALSE,,,,
21-11-2024 17:48,18.95,0.05,7.95,0.1,27.42,FALSE,FALSE,TRUE,TRUE,FALSE,,,,
21-11-2024 17:48,18.9,0.04,7.9,0.15,27.43,FALSE,FALSE,TRUE,TRUE,FALSE,,,,
21-11-2024 17:48,18.85,0.09,7.85,0.2,27.44,FALSE,FALSE,TRUE,TRUE,FALSE,,,,
21-11-2024 17:48,18.8,0.14,7.8,0.25,27.45,FALSE,FALSE,TRUE,TRUE,FALSE,,,,
21-11-2024 17:48,18.75,0.15,7.75,0.3,27.46,FALSE,FALSE,TRUE,TRUE,FALSE,,,,
21-11-2024 17:48,18.7,0.1,7.7,0.35,27.47,FALSE,FALSE,TRUE,TRUE,FALSE,,,,
21-11-2024 17:48,18.65,0.05,7.65,0.4,27.48,FALSE,FALSE,TRUE,TRUE,FALSE,,,,
21-11-2024 17:48,18.6,0.04,7.6,0.45,27.49,FALSE,FALSE,TRUE,TRUE,FALSE,,,,
21-11-2024 17:48,18.55,0.09,7.55,0.5,27.5,FALSE,FALSE,TRUE,TRUE,FALSE,,,,
21-11-2024 17:48,18.5,0.14,7.5,0.55,27.51,FALSE,FALSE,TRUE,TRUE,FALSE,,,,
21-11-2024 17:48,18.45,0.15,7.45,0.6,27.52,FALSE,FALSE,TRUE,TRUE,FALSE,,,,
21-11-2024 17:48,18.4,0.1,7.4,0.65,27.53,FALSE,FALSE,TRUE,TRUE,FALSE,,,,
21-11-2024 17:48,18.35,0.05,7.35,0.7,27.54,FALSE,FALSE,TRUE,TRUE,FALSE,,,,
21-11-2024 17:48,18.3,0.04,7.3,0.75,27.55,FALSE,FALSE,TRUE,TRUE,FALSE,,,,
21-11-2024 17:48,18.25,0.09,7.25,0.8,27.56,FALSE,FALSE,TRUE,TRUE,FALSE,,,,
21-11-2024 17:48,18.2,0.14,7.2,0.85,27.57,FALSE,FALSE,TRUE,TRUE,FALSE,,,,
21-11-2024 17:48,18.15,0.15,7.15,0.9,27.58,FALSE,FALSE,TRUE,TRUE,FALSE,,,,
21-11-2024 17:48,18.1,0.1,7.1,0.95,27.59,FALSE,FALSE,TRUE,TRUE,FALSE,,,,
21-11-2024 17:48,18.05,0.05,7.05,1,27.6,FALSE,FALSE,TRUE,TRUE,FALSE,,,,
21-11-2024 17:48,18,0.04,7,0.95,27.61,FALSE,FALSE,TRUE,TRUE,FALSE,,,,
21-11-2024 17:48,18.05,0.09,6.95,0.9,27.62,FALSE,FALSE,TRUE,TRUE,FALSE,,,,
21-11-2024 17:48,18.1,0.14,6.9,0.85,27.63,FALSE,FALSE,TRUE,TRUE,FALSE,,,,
21-11-2024 17:48,18.15,0.15,6.85,0.8,27.64,FALSE,FALSE,TRUE,TRUE,FALSE,,,,
21-11-2024 17:48,18.2,0.1,6.8,0.75,27.65,FALSE,FALSE,TRUE,TRUE,FALSE,,,,
21-11-2024 17:48,18.25,0.05,6.75,0.7,27.66,FALSE,FALSE,TRUE,TRUE,FALSE,,,,
21-11-2024 17:48,18.3,0.04,6.7,0.65,27.67,FALSE,FALSE,TRUE,TRUE,FALSE,,,,
21-11-2024 17:48,18.35,0.09,6.65,0.6,27.68,FALSE,FALSE,TRUE,TRUE,FALSE,,,,
21-11-2024 17:48,18.4,0.14,6.6,0.55,27.69,FALSE,FALSE,TRUE,TRUE,FALSE,,,,
21-11-2024 17:48,18.45,0.15,6.55,0.5,27.7,FALSE,FALSE,TRUE,TRUE,FALSE,,,,
21-11-2024 17:48,18.5,0.1,6.5,0.45,27.71,FALSE,FALSE,TRUE,TRUE,FALSE,,,,
21-11-2024 17:48,18.55,0.05,6.45,0.4,27.72,FALSE,FALSE,TRUE,TRUE,FALSE,,,,
21-11-2024 17:48,18.6,0.04,6.4,0.35,27.73,FALSE,FALSE,TRUE,TRUE,FALSE,,,,
21-11-2024 17:48,18.65,0.09,6.35,0.3,27.74,FALSE,FALSE,TRUE,TRUE,FALSE,,,,
21-11-2024 17:48,18.7,0.14,6.3,0.25,27.75,FALSE,FALSE,TRUE,TRUE,FALSE,,,,
21-11-2024 17:48,18.75,0.15,6.25,0.2,27.76,FALSE,FALSE,TRUE,TRUE,FALSE,,,,
21-11-2024 17:48,18.8,0.1,6.2,0.15,27.77,FALSE,FALSE,TRUE,TRUE,FALSE,,,,
21-11-2024 17:48,18.85,0.05,6.15,0.1,27.78,FALSE,FALSE,TRUE,TRUE,FALSE,,,,
21-11-2024 17:48,18.9,0.04,6.1,0.05,27.79,FALSE,FALSE,TRUE,TRUE,FALSE,,,,
21-11-2024 17:48,18.95,0.09,6.05,0,27.8,FALSE,FALSE,TRUE,TRUE,FALSE,,,,
21-11-2024 17:48,19,0.14,6,0.05,27.81,FALSE,FALSE,TRUE,TRUE,FALSE,,,,
21-11-2024 17:48,19.05,0.15,5.95,0.1,27.82,FALSE,FALSE,TRUE,TRUE,FALSE,,,,
21-11-2024 17:48,19.1,0.1,5.9,0.15,27.83,FALSE,FALSE,TRUE,TRUE,FALSE,,,,
21-11-2024 17:48,19.15,0.05,5.85,0.2,27.84,FALSE,FALSE,TRUE,TRUE,FALSE,,,,
21-11-2024 17:48,19.2,0.04,5.8,0.25,27.85,FALSE,FALSE,TRUE,TRUE,FALSE,,,,
21-11-2024 17:48,19.25,0.09,5.75,0.3,27.86,FALSE,FALSE,TRUE,TRUE,FALSE,,,,
21-11-2024 17:48,19.3,0.14,5.7,0.35,27.87,FALSE,FALSE,TRUE,TRUE,FALSE,,,,
21-11-2024 17:48,19.35,0.15,5.65,0.4,27.88,FALSE,FALSE,TRUE,TRUE,FALSE,,,,
21-11-2024 17:48,19.4,0.1,5.6,0.45,27.89,FALSE,FALSE,TRUE,TRUE,FALSE,,,,
21-11-2024 17:48,19.45,0.05,5.55,0.5,27.9,FALSE,FALSE,TRUE,TRUE,FALSE,,,,
21-11-2024 17:48,19.5,0.04,5.5,0.55,27.91,FALSE,FALSE,TRUE,TRUE,FALSE,,,,
21-11-2024 17:48,19.55,0.09,5.45,0.6,27.92,FALSE,FALSE,TRUE,TRUE,FALSE,,,,
21-11-2024 17:48,19.6,0.14,5.4,0.65,27.93,FALSE,FALSE,TRUE,TRUE,FALSE,,,,
21-11-2024 17:48,19.65,0.15,5.35,0.7,27.94,FALSE,FALSE,TRUE,TRUE,FALSE,,,,
21-11-2024 17:48,19.7,0.1,5.3,0.75,27.95,FALSE,FALSE,TRUE,TRUE,FALSE,,,,
21-11-2024 17:48,19.75,0.05,5.25,0.8,27.96,FALSE,FALSE,TRUE,TRUE,FALSE,,,,
21-11-2024 17:48,19.8,0.04,5.2,0.85,27.97,FALSE,FALSE,TRUE,TRUE,FALSE,,,,
21-11-2024 17:48,19.85,0.09,5.15,0.9,27.98,FALSE,FALSE,TRUE,TRUE,FALSE,,,,
21-11-2024 17:48,19.9,0.14,5.1,0.95,27.99,FALSE,FALSE,TRUE,TRUE,FALSE,,,,
21-11-2024 17:48,19.95,0.15,5.05,1,28,FALSE,FALSE,TRUE,TRUE,FALSE,,,,
21-11-2024 17:48,20,0.1,5,0.95,28.01,FALSE,FALSE,TRUE,TRUE,FALSE,,,,
21-11-2024 17:48,20.05,0.05,4.95,0.9,28.02,FALSE,FALSE,TRUE,TRUE,FALSE,,,,
21-11-2024 17:48,20.1,0.04,4.9,0.85,28.03,FALSE,FALSE,TRUE,TRUE,FALSE,,,,
21-11-2024 17:48,20.15,0.09,4.85,0.8,28.04,FALSE,FALSE,TRUE,TRUE,FALSE,,,,
21-11-2024 17:48,20.2,0.14,4.8,0.75,28.05,FALSE,FALSE,TRUE,TRUE,FALSE,,,,
21-11-2024 17:48,20.25,0.15,4.75,0.7,28.06,FALSE,FALSE,TRUE,TRUE,FALSE,,,,
21-11-2024 17:48,20.3,0.1,4.7,0.65,28.07,FALSE,FALSE,TRUE,TRUE,FALSE,,,,
21-11-2024 17:48,20.35,0.05,4.65,0.6,28.08,FALSE,FALSE,TRUE,TRUE,FALSE,,,,
21-11-2024 17:48,20.4,0.04,4.6,0.55,28.09,FALSE,FALSE,TRUE,TRUE,FALSE,,,,
21-11-2024 17:48,20.45,0.09,4.55,0.5,28.1,FALSE,FALSE,TRUE,TRUE,FALSE,,,,
21-11-2024 17:48,20.5,0.14,4.5,0.45,28.11,FALSE,FALSE,TRUE,TRUE,FALSE,,,,
21-11-2024 17:48,20.55,0.15,4.45,0.4,28.12,FALSE,FALSE,TRUE,TRUE,FALSE,,,,
21-11-2024 17:48,20.6,0.1,4.4,0.35,28.13,FALSE,FALSE,TRUE,TRUE,FALSE,,,,
21-11-2024 17:48,20.65,0.05,4.35,0.3,28.14,FALSE,FALSE,TRUE,TRUE,FALSE,,,,
21-11-2024 17:48,20.7,0.04,4.3,0.25,28.15,FALSE,FALSE,TRUE,TRUE,FALSE,,,,
21-11-2024 17:48,20.75,0.09,4.25,0.2,28.16,FALSE,FALSE,TRUE,TRUE,FALSE,,,,
21-11-2024 17:48,20.8,0.14,4.2,0.15,28.17,FALSE,FALSE,TRUE,TRUE,FALSE,,,,
21-11-2024 17:48,20.85,0.15,4.15,0.1,28.18,FALSE,FALSE,TRUE,TRUE,FALSE,,,,
21-11-2024 17:48,20.9,0.1,4.1,0.05,28.19,FALSE,FALSE,TRUE,TRUE,FALSE,,,,
21-11-2024 17:48,20.95,0.05,4.05,0,28.2,FALSE,FALSE,TRUE,TRUE,FALSE,,,,
21-11-2024 17:48,21,0.04,4,0.05,28.21,FALSE,FALSE,TRUE,TRUE,FALSE,,,,
21-11-2024 17:48,20.95,0.09,3.95,0.1,28.22,FALSE,FALSE,TRUE,TRUE,FALSE,,,,
21-11-2024 17:48,20.9,0.14,3.9,0.15,28.23,FALSE,FALSE,TRUE,TRUE,FALSE,,,,
21-11-2024 17:48,20.85,0.15,3.85,0.2,28.24,FALSE,FALSE,TRUE,TRUE,FALSE,,,,
21-11-2024 17:48,20.8,0.1,3.8,0.25,28.25,FALSE,FALSE,TRUE,TRUE,FALSE,,,,
21-11-2024 17:48,20.75,0.05,3.75,0.3,28.26,FALSE,FALSE,TRUE,TRUE,FALSE,,,,
21-11-2024 17:48,20.7,0.04,3.7,0.35,28.27,FALSE,FALSE,TRUE,TRUE,FALSE,,,,
21-11-2024 17:48,20.65,0.09,3.65,0.4,28.28,FALSE,FALSE,TRUE,TRUE,FALSE,,,,
21-11-2024 17:48,20.6,0.14,3.6,0.45,28.29,FALSE,FALSE,TRUE,TRUE,FALSE,,,,
21-11-2024 17:48,20.55,0.15,3.55,0.5,28.3,FALSE,FALSE,TRUE,TRUE,FALSE,,,,
21-11-2024 17:48,20.5,0.1,3.5,0.55,28.31,FALSE,FALSE,TRUE,TRUE,FALSE,,,,
21-11-2024 17:48,20.45,0.05,3.45,0.6,28.32,FALSE,FALSE,TRUE,TRUE,FALSE,,,,
21-11-2024 17:48,20.4,0.04,3.4,0.65,28.33,FALSE,FALSE,TRUE,TRUE,FALSE,,,,
21-11-2024 17:48,20.35,0.09,3.35,0.7,28.34,FALSE,FALSE,TRUE,TRUE,FALSE,,,,
21-11-2024 17:48,20.3,0.14,3.3,0.75,28.35,FALSE,FALSE,TRUE,TRUE,FALSE,,,,
21-11-2024 17:48,20.25,0.15,3.25,0.8,28.36,FALSE,FALSE,TRUE,TRUE,FALSE,,,,
21-11-2024 17:48,20.2,0.1,3.2,0.85,28.37,FALSE,FALSE,TRUE,TRUE,FALSE,,,,
21-11-2024 17:48,20.15,0.05,3.15,0.9,28.38,FALSE,FALSE,TRUE,TRUE,FALSE,,,,
21-11-2024 17:48,20.1,0.04,3.1,0.95,28.39,FALSE,FALSE,TRUE,TRUE,FALSE,,,,
21-11-2024 17:48,20.05,0.09,3.05,1,28.4,FALSE,FALSE,TRUE,TRUE,FALSE,,,,
21-11-2024 17:48,20,0.14,3,0.95,28.41,FALSE,FALSE,TRUE,TRUE,FALSE,,,,
21-11-2024 17:48,19.95,0.15,2.95,0.9,28.42,FALSE,FALSE,TRUE,TRUE,FALSE,,,,
21-11-2024 17:48,19.9,0.1,2.9,0.85,28.43,FALSE,FALSE,TRUE,TRUE,FALSE,,,,
21-11-2024 17:48,19.85,0.05,2.85,0.8,28.44,FALSE,FALSE,TRUE,TRUE,FALSE,,,,
21-11-2024 17:48,19.8,0.04,2.8,0.75,28.45,FALSE,FALSE,TRUE,TRUE,FALSE,,,,
21-11-2024 17:48,19.75,0.09,2.75,0.7,28.46,FALSE,FALSE,TRUE,TRUE,FALSE,,,,
21-11-2024 17:48,19.7,0.14,2.7,0.65,28.47,FALSE,FALSE,TRUE,TRUE,FALSE,,,,
21-11-2024 17:48,19.65,0.15,2.65,0.6,28.48,FALSE,FALSE,TRUE,TRUE,FALSE,,,,
21-11-2024 17:48,19.6,0.1,2.6,0.55,28.49,FALSE,FALSE,TRUE,TRUE,FALSE,,,,
21-11-2024 17:48,19.55,0.05,2.55,0.5,28.5,FALSE,FALSE,TRUE,TRUE,FALSE,,,,
21-11-2024 17:48,19.5,0.04,2.5,0.45,28.51,FALSE,FALSE,TRUE,TRUE,FALSE,,,,
21-11-2024 17:49,19.45,0.09,2.45,0.4,28.52,FALSE,FALSE,TRUE,TRUE,FALSE,,,,
21-11-2024 17:49,19.4,0.14,2.4,0.35,28.53,FALSE,FALSE,TRUE,TRUE,FALSE,,,,
21-11-2024 17:49,19.35,0.15,2.35,0.3,28.54,FALSE,FALSE,TRUE,TRUE,FALSE,,,,
21-11-2024 17:49,19.3,0.1,2.3,0.25,28.55,FALSE,FALSE,TRUE,TRUE,FALSE,,,,
21-11-2024 17:49,19.25,0.05,2.25,0.2,28.56,FALSE,FALSE,TRUE,TRUE,FALSE,,,,
21-11-2024 17:49,19.2,0.04,2.2,0.15,28.57,FALSE,FALSE,TRUE,TRUE,FALSE,,,,
21-11-2024 17:49,19.15,0.09,2.15,0.1,28.58,FALSE,FALSE,TRUE,TRUE,FALSE,,,,
21-11-2024 17:49,19.1,0.14,2.1,0.05,28.59,FALSE,FALSE,TRUE,TRUE,FALSE,,,,
21-11-2024 17:49,19.05,0.15,2.05,0,28.6,FALSE,FALSE,TRUE,TRUE,FALSE,,,,
21-11-2024 17:49,19,0.1,2,0.05,28.61,FALSE,FALSE,TRUE,TRUE,FALSE,,,,
21-11-2024 17:49,17.5,0.05,1.95,0.1,28.62,FALSE,FALSE,TRUE,TRUE,FALSE,,,,
21-11-2024 17:49,18.9,0.04,1.9,0.15,28.63,FALSE,FALSE,TRUE,TRUE,FALSE,,,,
21-11-2024 17:49,18.85,0.09,1.85,0.2,28.64,FALSE,FALSE,TRUE,TRUE,FALSE,,,,
21-11-2024 17:49,18.8,0.14,1.8,0.25,28.65,FALSE,FALSE,TRUE,TRUE,FALSE,,,,
21-11-2024 17:49,18.75,0.15,1.75,0.3,28.66,FALSE,FALSE,TRUE,TRUE,FALSE,,,,
21-11-2024 17:49,18.7,0.1,1.7,0.35,28.67,FALSE,FALSE,TRUE,TRUE,FALSE,,,,
21-11-2024 17:49,18.65,0.05,1.65,0.4,28.68,FALSE,FALSE,TRUE,TRUE,FALSE,,,,
21-11-2024 17:49,18.6,0.04,1.6,0.45,28.69,FALSE,FALSE,TRUE,TRUE,FALSE,,,,
21-11-2024 17:49,18.55,0.09,1.55,0.5,28.7,FALSE,FALSE,TRUE,TRUE,FALSE,,,,
21-11-2024 17:49,18.5,0.14,1.5,0.55,28.71,FALSE,FALSE,TRUE,TRUE,FALSE,,,,
21-11-2024 17:49,18.45,0.15,1.45,0.6,28.72,FALSE,FALSE,TRUE,TRUE,FALSE,,,,
21-11-2024 17:49,18.4,0.1,1.4,0.65,28.73,FALSE,FALSE,TRUE,TRUE,FALSE,,,,
21-11-2024 17:49,18.35,0.05,1.35,0.7,28.74,FALSE,FALSE,TRUE,TRUE,FALSE,,,,
21-11-2024 17:49,18.3,0.04,1.3,0.75,28.75,FALSE,FALSE,TRUE,TRUE,FALSE,,,,
21-11-2024 17:49,18.25,0.09,1.25,0.8,28.76,FALSE,FALSE,TRUE,TRUE,FALSE,,,,
21-11-2024 17:49,18.2,0.14,1.2,0.85,28.77,FALSE,FALSE,TRUE,TRUE,FALSE,,,,
21-11-2024 17:49,17.5,0.15,1.15,0.9,28.78,FALSE,FALSE,TRUE,TRUE,FALSE,,,,
21-11-2024 17:49,17.5,0.1,1.1,0.95,28.79,FALSE,FALSE,TRUE,TRUE,FALSE,,,18.5,17.5
21-11-2024 17:49,17.9,0.05,1.05,1,28.8,FALSE,FALSE,TRUE,TRUE,FALSE,,,18.9,17.9
21-11-2024 17:49,17.85,0.04,1,0.95,28.81,FALSE,FALSE,TRUE,TRUE,FALSE,,,18.85,17.85
21-11-2024 17:49,17.8,0.09,0.95,0.9,28.82,FALSE,FALSE,TRUE,TRUE,FALSE,,,18.8,17.8
21-11-2024 17:49,17.75,0.14,0.9,0.85,28.83,FALSE,FALSE,TRUE,TRUE,FALSE,,,18.75,17.75
21-11-2024 17:49,17.7,0.15,0.85,0.8,28.84,FALSE,FALSE,TRUE,TRUE,FALSE,,,18.7,17.7
21-11-2024 17:49,17.65,0.1,0.8,0.75,28.85,FALSE,FALSE,TRUE,TRUE,FALSE,,,18.65,17.65
21-11-2024 17:49,17.6,0.05,0.75,0.7,28.86,FALSE,FALSE,TRUE,TRUE,FALSE,,,18.6,17.6
21-11-2024 17:49,17.55,0.04,0.7,0.65,28.87,FALSE,FALSE,TRUE,TRUE,FALSE,,,18.55,17.55
21-11-2024 17:49,17.5,0.09,0.65,0.6,28.88,FALSE,FALSE,TRUE,TRUE,FALSE,,,18.5,17.5
21-11-2024 17:49,17.45,0.14,0.6,0.55,28.89,FALSE,FALSE,TRUE,TRUE,FALSE,,,18.45,17.45
21-11-2024 17:49,17.4,0.15,0.55,0.5,28.9,FALSE,FALSE,TRUE,TRUE,FALSE,,,18.4,17.4
21-11-2024 17:49,17.35,0.1,0.5,0.45,28.91,FALSE,FALSE,TRUE,TRUE,FALSE,,,18.35,17.35
21-11-2024 17:49,17.3,0.05,0.45,0.4,28.92,FALSE,FALSE,TRUE,TRUE,FALSE,,,18.3,17.3
21-11-2024 17:49,17.25,0.04,0.4,0.35,28.93,FALSE,FALSE,TRUE,TRUE,FALSE,,,18.25,17.25
21-11-2024 17:49,17.2,0.09,0.35,0.3,28.94,FALSE,FALSE,TRUE,TRUE,FALSE,,,18.2,17.2
21-11-2024 17:49,17.15,0.14,0.3,0.25,28.95,FALSE,FALSE,TRUE,TRUE,FALSE,,,18.15,17.15
21-11-2024 17:49,17.1,0.15,0.25,0.2,28.96,FALSE,FALSE,TRUE,TRUE,FALSE,,,18.1,17.1
21-11-2024 17:49,17.05,0.1,0.2,0.15,28.97,FALSE,FALSE,TRUE,TRUE,FALSE,,,18.05,17.05
21-11-2024 17:49,17,0.05,0.15,0.1,28.98,FALSE,FALSE,TRUE,TRUE,FALSE,,,18,17
21-11-2024 17:49,17.05,0.04,0.1,0.05,28.99,FALSE,FALSE,TRUE,TRUE,FALSE,,,18.05,17.05
21-11-2024 17:49,17.1,0.09,0.05,0,29,FALSE,FALSE,TRUE,TRUE,FALSE,,,18.1,17.1
21-11-2024 17:49,17.15,0.14,0,0.05,29.01,FALSE,FALSE,TRUE,TRUE,FALSE,,,18.15,17.15
21-11-2024 17:49,17.2,0.15,0.05,0.1,29.02,FALSE,FALSE,TRUE,TRUE,FALSE,,,18.2,17.2
21-11-2024 17:49,17.25,0.1,0.1,0.15,29.03,FALSE,FALSE,TRUE,TRUE,FALSE,,,18.25,17.25
21-11-2024 17:49,17.3,0.05,0.15,0.2,29.04,FALSE,FALSE,TRUE,TRUE,FALSE,,,18.3,17.3
21-11-2024 17:49,17.35,0.04,0.2,0.25,29.05,FALSE,FALSE,TRUE,TRUE,FALSE,,,18.35,17.35
21-11-2024 17:49,17.4,0.09,0.25,0.3,29.06,FALSE,FALSE,TRUE,TRUE,FALSE,,,18.4,17.4
21-11-2024 17:49,17.45,0.14,0.3,0.35,29.07,FALSE,FALSE,TRUE,TRUE,FALSE,,,18.45,17.45
21-11-2024 17:49,17.5,0.15,0.35,0.4,29.08,FALSE,FALSE,TRUE,TRUE,FALSE,,,18.5,17.5
21-11-2024 17:49,17.55,0.1,0.4,0.45,29.09,FALSE,FALSE,TRUE,TRUE,FALSE,,,18.55,17.55
21-11-2024 17:49,17.6,0.05,0.45,0.5,29.1,FALSE,FALSE,TRUE,TRUE,FALSE,,,18.6,17.6
21-11-2024 17:49,17.65,0.04,0.5,0.55,29.11,FALSE,FALSE,TRUE,TRUE,FALSE,,,18.65,17.65
21-11-2024 17:49,17.7,0.09,0.55,0.6,29.12,FALSE,FALSE,TRUE,TRUE,FALSE,,,18.7,17.7
21-11-2024 17:49,17.75,0.14,0.6,0.65,29.13,FALSE,FALSE,TRUE,TRUE,FALSE,,,18.75,17.75
21-11-2024 17:49,17.8,0.15,0.65,0.7,29.14,FALSE,FALSE,TRUE,TRUE,FALSE,,,18.8,17.8
21-11-2024 17:49,17.85,0.1,0.7,0.75,29.15,FALSE,FALSE,TRUE,TRUE,FALSE,,,18.85,17.85
21-11-2024 17:49,17.9,0.05,0.75,0.8,29.16,FALSE,FALSE,TRUE,TRUE,FALSE,,,18.9,17.9
21-11-2024 17:49,17.95,0.04,0.8,0.85,29.17,FALSE,FALSE,TRUE,TRUE,FALSE,,,18.95,17.95
21-11-2024 17:49,19.85,0.09,0.85,0.9,29.18,FALSE,FALSE,TRUE,TRUE,FALSE,,,,
21-11-2024 17:49,19.9,0.14,0.9,0.95,29.19,FALSE,FALSE,TRUE,TRUE,FALSE,,,,
21-11-2024 17:49,19.95,0.15,0.95,1,29.2,FALSE,FALSE,TRUE,TRUE,FALSE,,,,
21-11-2024 17:49,20,0.1,1,0.95,29.21,FALSE,FALSE,TRUE,TRUE,FALSE,,,,
21-11-2024 17:49,20.05,0.05,1.05,0.9,29.22,FALSE,FALSE,TRUE,TRUE,FALSE,,,,
21-11-2024 17:49,20.1,0.04,1.1,0.85,29.23,FALSE,FALSE,TRUE,TRUE,FALSE,,,,
21-11-2024 17:49,20.15,0.09,1.15,0.8,29.24,FALSE,FALSE,TRUE,TRUE,FALSE,,,,
21-11-2024 17:49,20.2,0.14,1.2,0.75,29.25,FALSE,FALSE,TRUE,TRUE,FALSE,,,,
21-11-2024 17:49,20.25,0.15,1.25,0.7,29.26,FALSE,FALSE,TRUE,TRUE,FALSE,,,,
21-11-2024 17:49,20.3,0.1,1.3,0.65,29.27,FALSE,FALSE,TRUE,TRUE,FALSE,,,,
21-11-2024 17:49,20.35,0.05,1.35,0.6,29.28,FALSE,FALSE,TRUE,TRUE,FALSE,,,,
21-11-2024 17:49,20.4,0.04,1.4,0.55,29.29,FALSE,FALSE,TRUE,TRUE,FALSE,,,,
21-11-2024 17:49,20.45,0.09,1.45,0.5,29.3,FALSE,FALSE,TRUE,TRUE,FALSE,,,,
21-11-2024 17:49,20.5,0.14,1.5,0.45,29.31,FALSE,FALSE,TRUE,TRUE,FALSE,,,,
21-11-2024 17:49,20.55,0.15,1.55,0.4,29.32,FALSE,FALSE,TRUE,TRUE,FALSE,,,,
21-11-2024 17:49,20.6,0.1,1.6,0.35,29.33,FALSE,FALSE,TRUE,TRUE,FALSE,,,,
21-11-2024 17:49,20.65,0.05,1.65,0.3,29.34,FALSE,FALSE,TRUE,TRUE,FALSE,,,,
21-11-2024 17:49,20.7,0.04,1.7,0.25,29.35,FALSE,FALSE,TRUE,TRUE,FALSE,,,,
21-11-2024 17:49,20.75,0.09,1.75,0.2,29.36,FALSE,FALSE,TRUE,TRUE,FALSE,,,,
21-11-2024 17:49,20.8,0.14,1.8,0.15,29.37,FALSE,FALSE,TRUE,TRUE,FALSE,,,,
21-11-2024 17:49,20.85,0.15,1.85,0.1,29.38,FALSE,FALSE,TRUE,TRUE,FALSE,,,,
21-11-2024 17:49,20.9,0.1,1.9,0.05,29.39,FALSE,FALSE,TRUE,TRUE,FALSE,,,,
21-11-2024 17:49,20.95,0.05,1.95,0,29.4,FALSE,FALSE,TRUE,TRUE,FALSE,,,,
21-11-2024 17:49,21,0.04,2,0.05,29.41,FALSE,FALSE,TRUE,TRUE,FALSE,,,,
21-11-2024 17:49,20.95,0.09,2.05,0.1,29.42,FALSE,FALSE,TRUE,TRUE,FALSE,,,,
21-11-2024 17:49,20.9,0.14,2.1,0.15,29.43,FALSE,FALSE,TRUE,TRUE,FALSE,,,,
21-11-2024 17:49,20.85,0.15,2.15,0.2,29.44,FALSE,FALSE,TRUE,TRUE,FALSE,,,,
21-11-2024 17:49,20.8,0.1,2.2,0.25,29.45,FALSE,FALSE,TRUE,TRUE,FALSE,,,,
21-11-2024 17:49,20.75,0.05,2.25,0.3,29.46,FALSE,FALSE,TRUE,TRUE,FALSE,,,,
21-11-2024 17:49,20.7,0.04,2.3,0.35,29.47,FALSE,FALSE,TRUE,TRUE,FALSE,,,,
21-11-2024 17:49,20.65,0.09,2.35,0.4,29.48,FALSE,FALSE,TRUE,TRUE,FALSE,,,,
21-11-2024 17:49,20.6,0.14,2.4,0.45,29.49,FALSE,FALSE,TRUE,TRUE,FALSE,,,,
21-11-2024 17:49,20.55,0.15,2.45,0.5,29.5,FALSE,FALSE,TRUE,TRUE,FALSE,,,,
21-11-2024 17:49,20.5,0.1,2.5,0.55,29.51,FALSE,FALSE,TRUE,TRUE,FALSE,,,,
21-11-2024 17:49,20.45,0.05,2.55,0.6,29.52,FALSE,FALSE,TRUE,TRUE,FALSE,,,,
21-11-2024 17:49,20.4,0.04,2.6,0.65,29.53,FALSE,FALSE,TRUE,TRUE,FALSE,,,,
21-11-2024 17:49,20.35,0.09,2.65,0.7,29.54,FALSE,FALSE,TRUE,TRUE,FALSE,,,,
21-11-2024 17:49,20.3,0.14,2.7,0.75,29.55,FALSE,FALSE,TRUE,TRUE,FALSE,,,,
21-11-2024 17:49,20.25,0.15,2.75,0.8,29.56,FALSE,FALSE,TRUE,TRUE,FALSE,,,,
21-11-2024 17:49,20.2,0.1,2.8,0.85,29.57,FALSE,FALSE,TRUE,TRUE,FALSE,,,,
21-11-2024 17:49,20.15,0.05,2.85,0.9,29.58,FALSE,FALSE,TRUE,TRUE,FALSE,,,,
21-11-2024 17:49,20.1,0.04,2.9,0.95,29.59,FALSE,FALSE,TRUE,TRUE,FALSE,,,,
21-11-2024 17:49,20.05,0.09,2.95,1,29.6,FALSE,FALSE,TRUE,TRUE,FALSE,,,,
21-11-2024 17:49,20,0.14,3,0.95,29.61,FALSE,FALSE,TRUE,TRUE,FALSE,,,,
21-11-2024 17:49,19.95,0.15,3.05,0.9,29.62,FALSE,FALSE,TRUE,TRUE,FALSE,,,,
21-11-2024 17:49,19.9,0.1,3.1,0.85,29.63,FALSE,FALSE,TRUE,TRUE,FALSE,,,,
21-11-2024 17:49,19.85,0.05,3.15,0.8,29.64,FALSE,FALSE,TRUE,TRUE,FALSE,,,,
21-11-2024 17:49,19.8,0.04,3.2,0.75,29.65,FALSE,FALSE,TRUE,TRUE,FALSE,,,,
21-11-2024 17:49,19.75,0.09,3.25,0.7,29.66,FALSE,FALSE,TRUE,TRUE,FALSE,,,,
21-11-2024 17:49,19.7,0.14,3.3,0.65,29.67,FALSE,FALSE,TRUE,TRUE,FALSE,,,,
21-11-2024 17:49,19.65,0.15,3.35,0.6,29.68,FALSE,FALSE,TRUE,TRUE,FALSE,,,,
21-11-2024 17:49,19.6,0.1,3.4,0.55,29.69,FALSE,FALSE,TRUE,TRUE,FALSE,,,,
21-11-2024 17:49,19.55,0.05,3.45,0.5,29.7,FALSE,FALSE,TRUE,TRUE,FALSE,,,,
21-11-2024 17:49,19.5,0.04,3.5,0.45,29.71,FALSE,FALSE,TRUE,TRUE,FALSE,,,,
21-11-2024 17:50,19.45,0.09,3.55,0.4,29.72,FALSE,FALSE,TRUE,TRUE,FALSE,,,,
21-11-2024 17:50,19.4,0.14,3.6,0.35,29.73,FALSE,FALSE,TRUE,TRUE,FALSE,,,,
21-11-2024 17:50,19.35,0.15,3.65,0.3,29.74,FALSE,FALSE,TRUE,TRUE,FALSE,,,,
21-11-2024 17:50,19.3,0.1,3.7,0.25,29.75,FALSE,FALSE,TRUE,TRUE,FALSE,,,,
21-11-2024 17:50,19.25,0.05,3.75,0.2,29.76,FALSE,FALSE,TRUE,TRUE,FALSE,,,,
21-11-2024 17:50,19.2,0.04,3.8,0.15,29.77,FALSE,FALSE,TRUE,TRUE,FALSE,,,,
21-11-2024 17:50,19.15,0.09,3.85,0.1,29.78,FALSE,FALSE,TRUE,TRUE,FALSE,,,,
21-11-2024 17:50,19.1,0.14,3.9,0.05,29.79,FALSE,FALSE,TRUE,TRUE,FALSE,,,,
21-11-2024 17:50,19.05,0.15,3.95,0,29.8,FALSE,FALSE,TRUE,TRUE,FALSE,,,,
21-11-2024 17:50,19,0.1,4,0.05,29.81,FALSE,FALSE,TRUE,TRUE,FALSE,,,,
21-11-2024 17:50,18.95,0.05,4.05,0.1,29.82,FALSE,FALSE,TRUE,TRUE,FALSE,,,,
21-11-2024 17:50,18.9,0.04,4.1,0.15,29.83,FALSE,FALSE,TRUE,TRUE,FALSE,,,,
21-11-2024 17:50,18.85,0.09,4.15,0.2,29.84,FALSE,FALSE,TRUE,TRUE,FALSE,,,,
21-11-2024 17:50,18.8,0.14,4.2,0.25,29.85,FALSE,FALSE,TRUE,TRUE,FALSE,,,,
21-11-2024 17:50,18.75,0.15,4.25,0.3,29.86,FALSE,FALSE,TRUE,TRUE,FALSE,,,,
21-11-2024 17:50,18.7,0.1,4.3,0.35,29.87,FALSE,FALSE,TRUE,TRUE,FALSE,,,,
21-11-2024 17:50,18.65,0.05,4.35,0.4,29.88,FALSE,FALSE,TRUE,TRUE,FALSE,,,,
21-11-2024 17:50,18.6,0.04,4.4,0.45,29.89,FALSE,FALSE,TRUE,TRUE,FALSE,,,,
21-11-2024 17:50,18.55,0.09,4.45,0.5,29.9,FALSE,FALSE,TRUE,TRUE,FALSE,,,,
21-11-2024 17:50,18.5,0.14,4.5,0.55,29.91,FALSE,FALSE,TRUE,TRUE,FALSE,,,,
21-11-2024 17:50,18.45,0.15,4.55,0.6,29.92,FALSE,FALSE,TRUE,TRUE,FALSE,,,,
21-11-2024 17:50,18.4,0.1,4.6,0.65,29.93,FALSE,FALSE,TRUE,TRUE,FALSE,,,,
21-11-2024 17:50,18.35,0.05,4.65,0.7,29.94,FALSE,FALSE,TRUE,TRUE,FALSE,,,,
21-11-2024 17:50,18.3,0.04,4.7,0.75,29.95,FALSE,FALSE,TRUE,TRUE,FALSE,,,,
21-11-2024 17:50,18.25,0.09,4.75,0.8,29.96,FALSE,FALSE,TRUE,TRUE,FALSE,,,,
21-11-2024 17:50,18.2,0.14,4.8,0.85,29.97,FALSE,FALSE,TRUE,TRUE,FALSE,,,,
21-11-2024 17:50,18.15,0.15,4.85,0.9,29.98,FALSE,FALSE,TRUE,TRUE,FALSE,,,,
21-11-2024 17:50,18.1,0.1,4.9,0.95,29.99,FALSE,FALSE,TRUE,TRUE,FALSE,,,,
21-11-2024 17:50,18.05,0.05,4.95,1,30,FALSE,FALSE,TRUE,TRUE,FALSE,,,,
21-11-2024 17:50,18,0.04,5,0.95,30.01,FALSE,FALSE,TRUE,TRUE,FALSE,,,,
21-11-2024 17:50,18.05,0.09,5.05,0.9,30.02,FALSE,FALSE,TRUE,TRUE,FALSE,,,,
21-11-2024 17:50,18.1,0.14,5.1,0.85,30.03,FALSE,FALSE,TRUE,TRUE,FALSE,,,,
21-11-2024 17:50,18.15,0.15,5.15,0.8,30.04,FALSE,FALSE,TRUE,TRUE,FALSE,,,,
21-11-2024 17:50,18.2,0.1,5.2,0.75,30.05,FALSE,FALSE,TRUE,TRUE,FALSE,,,,
21-11-2024 17:50,18.25,0.05,5.25,0.7,30.06,FALSE,FALSE,TRUE,TRUE,FALSE,,,,
21-11-2024 17:50,18.3,0.04,5.3,0.65,30.07,FALSE,FALSE,TRUE,TRUE,FALSE,,,,
21-11-2024 17:50,18.35,0.09,5.35,0.6,30.08,FALSE,FALSE,TRUE,TRUE,FALSE,,,,
21-11-2024 17:50,18.4,0.14,5.4,0.55,30.09,FALSE,FALSE,TRUE,TRUE,FALSE,,,,
21-11-2024 17:50,18.45,0.15,5.45,0.5,30.1,FALSE,FALSE,TRUE,TRUE,FALSE,,,,
21-11-2024 17:50,18.5,0.1,5.5,0.45,30.11,FALSE,FALSE,TRUE,TRUE,FALSE,,,,
21-11-2024 17:50,18.55,0.05,5.55,0.4,30.12,FALSE,FALSE,TRUE,TRUE,FALSE,,,,
21-11-2024 17:50,18.6,0.04,5.6,0.35,30.13,FALSE,FALSE,TRUE,TRUE,FALSE,,,,
21-11-2024 17:50,18.65,0.09,5.65,0.3,30.14,FALSE,FALSE,TRUE,TRUE,FALSE,,,,
21-11-2024 17:50,18.7,0.14,5.7,0.25,30.15,FALSE,FALSE,TRUE,TRUE,FALSE,,,,
21-11-2024 17:50,18.75,0.15,5.75,0.2,30.16,FALSE,FALSE,TRUE,TRUE,FALSE,,,,
21-11-2024 17:50,18.8,0.1,5.8,0.15,30.17,FALSE,FALSE,TRUE,TRUE,FALSE,,,,
21-11-2024 17:50,18.85,0.05,5.85,0.1,30.18,FALSE,FALSE,TRUE,TRUE,FALSE,,,,
21-11-2024 17:50,18.9,0.04,5.9,0.05,30.19,FALSE,FALSE,TRUE,TRUE,FALSE,,,,
21-11-2024 17:50,18.95,0.09,5.95,0,30.2,FALSE,FALSE,TRUE,TRUE,FALSE,,,,
21-11-2024 17:50,19,0.14,6,0.05,30.21,FALSE,FALSE,TRUE,TRUE,FALSE,,,,
21-11-2024 17:50,19.05,0.15,6.05,0.1,30.22,FALSE,FALSE,TRUE,TRUE,FALSE,,,,
21-11-2024 17:50,19.1,0.1,6.1,0.15,30.23,FALSE,FALSE,TRUE,TRUE,FALSE,,,,
21-11-2024 17:50,19.15,0.05,6.15,0.2,30.24,FALSE,FALSE,TRUE,TRUE,FALSE,,,,
21-11-2024 17:50,19.2,0.04,6.2,0.25,30.25,FALSE,FALSE,TRUE,TRUE,FALSE,,,,
21-11-2024 17:50,19.25,0.09,6.25,0.3,30.26,FALSE,FALSE,TRUE,TRUE,FALSE,,,,
21-11-2024 17:50,19.3,0.14,6.3,0.35,30.27,FALSE,FALSE,TRUE,TRUE,FALSE,,,,
21-11-2024 17:50,19.35,0.15,6.35,0.4,30.28,FALSE,FALSE,TRUE,TRUE,FALSE,,,,
21-11-2024 17:50,19.4,0.1,6.4,0.45,30.29,FALSE,FALSE,TRUE,TRUE,FALSE,,,,
21-11-2024 17:50,19.45,0.05,6.45,0.5,30.3,FALSE,FALSE,TRUE,TRUE,FALSE,,,,
21-11-2024 17:50,19.5,0.04,6.5,0.55,30.31,FALSE,FALSE,TRUE,TRUE,FALSE,,,,
21-11-2024 17:50,19.55,0.09,6.55,0.6,30.32,FALSE,FALSE,TRUE,TRUE,FALSE,,,,
21-11-2024 17:50,19.6,0.14,6.6,0.65,30.33,FALSE,FALSE,TRUE,TRUE,FALSE,,,,
21-11-2024 17:50,19.65,0.15,6.65,0.7,30.34,FALSE,FALSE,TRUE,TRUE,FALSE,,,,
21-11-2024 17:50,19.7,0.1,6.7,0.75,30.35,FALSE,FALSE,TRUE,TRUE,FALSE,,,,
21-11-2024 17:50,19.75,0.05,6.75,0.8,30.36,FALSE,FALSE,TRUE,TRUE,FALSE,,,,
21-11-2024 17:50,19.8,0.04,6.8,0.85,30.37,FALSE,FALSE,TRUE,TRUE,FALSE,,,,
21-11-2024 17:50,19.85,0.09,6.85,0.9,30.38,FALSE,FALSE,TRUE,TRUE,FALSE,,,,
21-11-2024 17:50,19.9,0.14,6.9,0.95,30.39,FALSE,FALSE,TRUE,TRUE,FALSE,,,,
21-11-2024 17:50,19.95,0.15,6.95,1,30.4,FALSE,FALSE,TRUE,TRUE,FALSE,,,,
21-11-2024 17:50,20,0.1,7,0.95,30.41,FALSE,FALSE,TRUE,TRUE,FALSE,,,,
21-11-2024 17:50,20.05,0.05,7.05,0.9,30.42,FALSE,FALSE,TRUE,TRUE,FALSE,,,,
21-11-2024 17:50,20.1,0.04,7.1,0.85,30.43,FALSE,FALSE,TRUE,TRUE,FALSE,,,,
21-11-2024 17:50,20.15,0.09,7.15,0.8,30.44,FALSE,FALSE,TRUE,TRUE,FALSE,,,,
21-11-2024 17:50,20.2,0.14,7.2,0.75,30.45,FALSE,FALSE,TRUE,TRUE,FALSE,,,,
21-11-2024 17:50,20.25,0.15,7.25,0.7,30.46,FALSE,FALSE,TRUE,TRUE,FALSE,,,,
21-11-2024 17:50,20.3,0.1,7.3,0.65,30.47,FALSE,FALSE,TRUE,TRUE,FALSE,,,,
21-11-2024 17:50,20.35,0.05,7.35,0.6,30.48,FALSE,FALSE,TRUE,TRUE,FALSE,,,,
21-11-2024 17:50,20.4,0.04,7.4,0.55,30.49,FALSE,FALSE,TRUE,TRUE,FALSE,,,,
21-11-2024 17:50,20.45,0.09,7.45,0.5,30.5,FALSE,FALSE,TRUE,TRUE,FALSE,,,,
21-11-2024 17:50,20.5,0.14,7.5,0.45,30.51,FALSE,FALSE,TRUE,TRUE,FALSE,,,,
21-11-2024 17:50,20.55,0.15,7.55,0.4,30.52,FALSE,FALSE,TRUE,TRUE,FALSE,,,,
21-11-2024 17:50,20.6,0.1,7.6,0.35,30.53,FALSE,FALSE,TRUE,TRUE,FALSE,,,,
21-11-2024 17:50,20.65,0.05,7.65,0.3,30.54,FALSE,FALSE,TRUE,TRUE,FALSE,,,,
21-11-2024 17:50,20.7,0.04,7.7,0.25,30.55,FALSE,FALSE,TRUE,TRUE,FALSE,,,,
21-11-2024 17:50,20.75,0.09,7.75,0.2,30.56,FALSE,FALSE,TRUE,TRUE,FALSE,,,,
21-11-2024 17:50,20.8,0.14,7.8,0.15,30.57,FALSE,FALSE,TRUE,TRUE,FALSE,,,,
21-11-2024 17:50,20.85,0.15,7.85,0.1,30.58,FALSE,FALSE,TRUE,TRUE,FALSE,,,,
21-11-2024 17:50,20.9,0.1,7.9,0.05,30.59,FALSE,FALSE,TRUE,TRUE,FALSE,,,,
21-11-2024 17:50,20.95,0.05,7.95,0,30.6,FALSE,FALSE,TRUE,TRUE,FALSE,,,,
21-11-2024 17:50,21,0.04,8,0.05,30.61,FALSE,FALSE,TRUE,TRUE,FALSE,,,,
21-11-2024 17:50,20.95,0.09,8.05,0.1,30.62,FALSE,FALSE,TRUE,TRUE,FALSE,,,,
21-11-2024 17:50,20.9,0.14,8.1,0.15,30.63,FALSE,FALSE,TRUE,TRUE,FALSE,,,,
21-11-2024 17:50,20.85,0.15,8.15,0.2,30.64,FALSE,FALSE,TRUE,TRUE,FALSE,,,,
21-11-2024 17:50,20.8,0.1,8.2,0.25,30.65,FALSE,FALSE,TRUE,TRUE,FALSE,,,,
21-11-2024 17:50,20.75,0.05,8.25,0.3,30.66,FALSE,FALSE,TRUE,TRUE,FALSE,,,,
21-11-2024 17:50,20.7,0.04,8.3,0.35,30.67,FALSE,FALSE,TRUE,TRUE,FALSE,,,,
21-11-2024 17:50,20.65,0.09,8.35,0.4,30.68,FALSE,FALSE,TRUE,TRUE,FALSE,,,,
21-11-2024 17:50,20.6,0.14,8.4,0.45,30.69,FALSE,FALSE,TRUE,TRUE,FALSE,,,,
21-11-2024 17:50,20.55,0.15,8.45,0.5,30.7,FALSE,FALSE,TRUE,TRUE,FALSE,,,,
21-11-2024 17:50,20.5,0.1,8.5,0.55,30.71,FALSE,FALSE,TRUE,TRUE,FALSE,,,,
21-11-2024 17:50,20.45,0.05,8.55,0.6,30.72,FALSE,FALSE,TRUE,TRUE,FALSE,,,,
21-11-2024 17:50,20.4,0.04,8.6,0.65,30.73,FALSE,FALSE,TRUE,TRUE,FALSE,,,,
21-11-2024 17:50,20.35,0.09,8.65,0.7,30.74,FALSE,FALSE,TRUE,TRUE,FALSE,,,,
21-11-2024 17:50,20.3,0.14,8.7,0.75,30.75,FALSE,FALSE,TRUE,TRUE,FALSE,,,,
21-11-2024 17:50,20.25,0.15,8.75,0.8,30.76,FALSE,FALSE,TRUE,TRUE,FALSE,,,,
21-11-2024 17:50,20.2,0.1,8.8,0.85,30.77,FALSE,FALSE,TRUE,TRUE,FALSE,,,,
21-11-2024 17:50,20.15,0.05,8.85,0.9,30.78,FALSE,FALSE,TRUE,TRUE,FALSE,,,,
21-11-2024 17:50,20.1,0.04,8.9,0.95,30.79,FALSE,FALSE,TRUE,TRUE,FALSE,,,,
21-11-2024 17:50,20.05,0.09,8.95,1,30.8,FALSE,FALSE,TRUE,TRUE,FALSE,,,,
21-11-2024 17:50,20,0.14,9,0.95,30.81,FALSE,FALSE,TRUE,TRUE,FALSE,,,,
21-11-2024 17:50,19.95,0.15,9.05,0.9,30.82,FALSE,FALSE,TRUE,TRUE,FALSE,,,,
21-11-2024 17:50,19.9,0.1,9.1,0.85,30.83,FALSE,FALSE,TRUE,TRUE,FALSE,,,,
21-11-2024 17:50,19.85,0.05,9.15,0.8,30.84,FALSE,FALSE,TRUE,TRUE,FALSE,,,,
21-11-2024 17:50,19.8,0.04,9.2,0.75,30.85,FALSE,FALSE,TRUE,TRUE,FALSE,,,,
21-11-2024 17:50,19.75,0.09,9.25,0.7,30.86,FALSE,FALSE,TRUE,TRUE,FALSE,,,,
21-11-2024 17:50,19.7,0.14,9.3,0.65,30.87,FALSE,FALSE,TRUE,TRUE,FALSE,,,,
21-11-2024 17:50,19.65,0.15,9.35,0.6,30.88,FALSE,FALSE,TRUE,TRUE,FALSE,,,,
21-11-2024 17:50,19.6,0.1,9.4,0.55,30.89,FALSE,FALSE,TRUE,TRUE,FALSE,,,,
21-11-2024 17:50,19.55,0.05,9.45,0.5,30.9,FALSE,FALSE,TRUE,TRUE,FALSE,,,,
21-11-2024 17:51,19.5,0.04,9.5,0.45,30.91,FALSE,FALSE,TRUE,TRUE,FALSE,,,,
21-11-2024 17:51,19.45,0.09,9.55,0.4,30.92,FALSE,FALSE,TRUE,TRUE,FALSE,,,,
21-11-2024 17:51,19.4,0.14,9.6,0.35,30.93,FALSE,FALSE,TRUE,TRUE,FALSE,,,,
21-11-2024 17:51,19.35,0.15,9.65,0.3,30.94,FALSE,FALSE,TRUE,TRUE,FALSE,,,,
21-11-2024 17:51,19.3,0.1,9.7,0.25,30.95,FALSE,FALSE,TRUE,TRUE,FALSE,,,,
21-11-2024 17:51,19.25,0.05,9.75,0.2,30.96,FALSE,FALSE,TRUE,TRUE,FALSE,,,,
21-11-2024 17:51,19.2,0.04,9.8,0.15,30.97,FALSE,FALSE,TRUE,TRUE,FALSE,,,,
21-11-2024 17:51,19.15,0.09,9.85,0.1,30.98,FALSE,FALSE,TRUE,TRUE,FALSE,,,,
21-11-2024 17:51,19.1,0.14,9.9,0.05,30.99,FALSE,FALSE,TRUE,TRUE,FALSE,,,,
21-11-2024 17:51,19.05,0.15,9.95,0,31,FALSE,FALSE,TRUE,TRUE,FALSE,,,,
